"","date","salesTotal","CustNum","kankou","tabelog","day1_sales","day1_kankou","day1_tabelog","event_impact","GW","お盆","イベント","クリスマス","三連休","交通規制","元日","台風","大晦日","祝日","雨"
"1","2017-07-08",743628,334,3979,932,NA,2146,NA,0,0,0,0,0,0,0,0,0,0,0,0
"2","2017-07-09",888732,393,2146,769,743628,1418,932,0,0,0,0,0,0,0,0,0,0,0,0
"3","2017-07-10",441044,220,1418,602,888732,1611,769,0,0,0,0,0,0,0,0,0,0,0,0
"4","2017-07-11",413247,196,1611,780,441044,1646,602,0,0,0,0,0,0,0,0,0,0,0,0
"5","2017-07-12",347005,152,1646,841,413247,1678,780,3.11402979163698,0,0,0,0,0,0,0,0,0,0,1
"6","2017-07-13",542924,226,1678,683,347005,2396,841,0,0,0,0,0,0,0,0,0,0,0,0
"7","2017-07-14",400823,172,2396,811,542924,6856,683,3.11402979163698,0,0,0,0,0,0,0,0,0,0,1
"8","2017-07-15",933660,381,6856,872,400823,7087,811,0,0,0,0,0,0,0,0,0,0,0,0
"9","2017-07-16",1383264,633,7087,1278,933660,3486,872,0,0,0,0,0,0,0,0,0,0,0,0
"10","2017-07-17",947282,374,3486,1125,1383264,1820,1278,0,0,0,0,0,0,0,0,0,0,0,0
"11","2017-07-18",365528,149,1820,582,947282,2027,1125,0,0,0,0,0,0,0,0,0,0,0,0
"12","2017-07-19",405582,198,2027,547,365528,2717,582,0,0,0,0,0,0,0,0,0,0,0,0
"13","2017-07-20",512601,236,2717,734,405582,5703,547,0,0,0,0,0,0,0,0,0,0,0,0
"14","2017-07-21",329581,148,5703,369,512601,6446,734,0,0,0,0,0,0,0,0,0,0,0,0
"15","2017-07-22",759115,297,6446,704,329581,5458,369,0,0,0,0,0,0,0,0,0,0,0,0
"16","2017-07-23",844032,308,5458,511,759115,5183,704,0,0,0,0,0,0,0,0,0,0,0,0
"17","2017-07-24",372862,191,5183,518,844032,4111,511,0,0,0,0,0,0,0,0,0,0,0,0
"18","2017-07-25",402630,179,4111,445,372862,4332,518,3.11402979163698,0,0,0,0,0,0,0,0,0,0,1
"19","2017-07-26",435700,212,4332,485,402630,4971,445,3.11402979163698,0,0,0,0,0,0,0,0,0,0,1
"20","2017-07-27",454690,206,4971,483,435700,8372,485,0,0,0,0,0,0,0,0,0,0,0,0
"21","2017-07-28",567610,277,8372,535,454690,9646,483,0,0,0,0,0,0,0,0,0,0,0,0
"22","2017-07-29",600850,269,9646,797,567610,6710,535,0,0,0,0,0,0,0,0,0,0,0,0
"23","2017-07-30",914700,411,6710,732,600850,4628,797,0,0,0,0,0,0,0,0,0,0,0,0
"24","2017-07-31",587630,283,4628,528,914700,4628,732,0,0,0,0,0,0,0,0,0,0,0,0
"25","2017-08-01",661830,318,4628,1081,587630,5274,528,0,0,0,0,0,0,0,0,0,0,0,0
"26","2017-08-02",476570,234,5274,821,661830,6994,1081,0,0,0,0,0,0,0,0,0,0,0,0
"27","2017-08-03",524920,247,6994,516,476570,6772,821,0,0,0,0,0,0,0,0,0,0,0,0
"28","2017-08-04",526200,254,6772,561,524920,6447,516,0,0,0,0,0,0,0,0,0,0,0,0
"29","2017-08-05",669190,311,6447,738,526200,5288,561,0,0,0,0,0,0,0,0,0,0,0,0
"30","2017-08-06",900150,451,5288,579,669190,5288,738,0,0,0,0,0,0,0,0,0,0,0,0
"31","2017-08-07",532930,247,5288,687,900150,5311,579,3.11402979163698,0,0,0,0,0,0,0,0,0,0,1
"32","2017-08-08",532930,247,5311,736,532930,6906,687,0,0,0,0,0,0,0,0,0,0,0,0
"33","2017-08-09",695120,310,6906,831,532930,9337,736,0,0,0,0,0,0,0,0,0,0,0,0
"34","2017-08-10",768610,392,9337,723,695120,10027,831,0,0,0,0,0,0,0,0,0,0,0,0
"35","2017-08-11",1057680,492,10027,911,768610,9211,723,3.11402979163698,0,0,0,0,0,0,0,0,0,0,1
"36","2017-08-12",1440060,576,9211,1094,1057680,11263,911,0,0,0,0,0,0,0,0,0,0,0,0
"37","2017-08-13",1491000,645,11263,905,1440060,9714,1094,0,0,0,0,0,0,0,0,0,0,0,0
"38","2017-08-14",1417250,564,9714,1112,1491000,9538,905,0,0,0,0,0,0,0,0,0,0,0,0
"39","2017-08-15",1196840,462,9538,671,1417250,8985,1112,0,0,0,0,0,0,0,0,0,0,0,0
"40","2017-08-16",991320,409,8985,894,1196840,8985,671,0,0,0,0,0,0,0,0,0,0,0,0
"41","2017-08-17",1012910,501,8985,906,991320,8985,894,0,0,0,0,0,0,0,0,0,0,0,0
"42","2017-08-18",964930,436,8985,672,1012910,8331,906,3.11402979163698,0,0,0,0,0,0,0,0,0,0,1
"43","2017-08-19",959420,464,8331,700,964930,8331,672,0,0,0,0,0,0,0,0,0,0,0,0
"44","2017-08-20",1080640,502,8331,758,959420,6257,700,0,0,0,0,0,0,0,0,0,0,0,0
"45","2017-08-21",809640,384,6257,732,1080640,6328,758,0,0,0,0,0,0,0,0,0,0,0,0
"46","2017-08-22",740220,357,6328,896,809640,6328,732,0,0,0,0,0,0,0,0,0,0,0,0
"47","2017-08-23",983260,439,6328,710,740220,6328,896,0,0,0,0,0,0,0,0,0,0,0,0
"48","2017-08-24",458620,216,6328,637,983260,7513,710,0,0,0,0,0,0,0,0,0,0,0,0
"49","2017-08-25",658000,322,7513,693,458620,7513,637,0,0,0,0,0,0,0,0,0,0,0,0
"50","2017-08-26",888170,394,7513,653,658000,5986,693,0,0,0,0,0,0,0,0,0,0,0,0
"51","2017-08-27",1147230,532,5986,998,888170,4419,653,0,0,0,0,0,0,0,0,0,0,0,0
"52","2017-08-28",740580,335,4419,741,1147230,2390,998,0,0,0,0,0,0,0,0,0,0,0,0
"53","2017-08-29",656970,321,2390,515,740580,4841,741,0,0,0,0,0,0,0,0,0,0,0,0
"54","2017-08-30",520090,242,4841,543,656970,4841,515,0,0,0,0,0,0,0,0,0,0,0,0
"55","2017-08-31",324530,167,4841,656,520090,4841,543,0,0,0,0,0,0,0,0,0,0,0,0
"56","2017-09-01",369780,185,4841,618,324530,3574,656,0,0,0,0,0,0,0,0,0,0,0,0
"57","2017-09-02",802820,363,3574,692,369780,2935,618,0,0,0,0,0,0,0,0,0,0,0,0
"58","2017-09-03",925300,422,2935,758,802820,2625,692,0,0,0,0,0,0,0,0,0,0,0,0
"59","2017-09-04",618280,269,2625,825,925300,2625,758,0,0,0,0,0,0,0,0,0,0,0,0
"60","2017-09-05",507287,220,2625,778,618280,2032,825,0,0,0,0,0,0,0,0,0,0,0,0
"61","2017-09-06",472050,223,2032,759,507287,2022,778,0,0,0,0,0,0,0,0,0,0,0,0
"62","2017-09-07",325660,182,2022,684,472050,2264,759,3.11402979163698,0,0,0,0,0,0,0,0,0,0,1
"63","2017-09-08",554426,247,2264,603,325660,4295,684,0,0,0,0,0,0,0,0,0,0,0,0
"64","2017-09-09",885900,449,4295,924,554426,4085,603,0,0,0,0,0,0,0,0,0,0,0,0
"65","2017-09-10",1146842,495,4085,1126,885900,3079,924,0,0,0,0,0,0,0,0,0,0,0,0
"66","2017-09-11",646056,301,3079,656,1146842,3046,1126,0,0,0,0,0,0,0,0,0,0,0,0
"67","2017-09-12",448758,211,3046,765,646056,2790,656,3.11402979163698,0,0,0,0,0,0,0,0,0,0,1
"68","2017-09-13",513267,262,2790,661,448758,2858,765,0,0,0,0,0,0,0,0,0,0,0,0
"69","2017-09-14",391162,195,2858,505,513267,4520,661,0,0,0,0,0,0,0,0,0,0,0,0
"70","2017-09-15",465332,213,4520,507,391162,9508,505,0,0,0,0,0,0,0,0,0,0,0,0
"71","2017-09-16",835744,372,9508,878,465332,11101,507,3.11402979163698,0,0,0,0,0,0,0,0,0,0,1
"72","2017-09-17",721449,272,11101,1015,835744,6201,878,3.11402979163698,0,0,0,0,0,0,0,0,0,0,1
"73","2017-09-18",1161644,462,6201,889,721449,3573,1015,0,0,0,0,0,0,0,0,0,0,0,0
"74","2017-09-19",572756,255,3573,1085,1161644,2190,889,0,0,0,0,0,0,0,0,0,0,0,0
"75","2017-09-20",672568,308,2190,636,572756,4361,1085,0,0,0,0,0,0,0,0,0,0,0,0
"76","2017-09-21",479579,232,4361,713,672568,5151,636,0,0,0,0,0,0,0,0,0,0,0,0
"77","2017-09-22",685166,298,5151,835,479579,6868,713,3.11402979163698,0,0,0,0,0,0,0,0,0,0,1
"78","2017-09-23",940748,384,6868,933,685166,4561,835,0,0,0,0,0,0,0,0,0,0,0,0
"79","2017-09-24",943478,371,4561,662,940748,3826,933,0,0,0,0,0,0,0,0,0,0,0,0
"80","2017-09-25",626317,302,3826,558,943478,3151,662,0,0,0,0,0,0,0,0,0,0,0,0
"81","2017-09-26",463321,211,3151,921,626317,2604,558,0,0,0,0,0,0,0,0,0,0,0,0
"82","2017-09-27",613888,248,2604,728,463321,2152,921,0,0,0,0,0,0,0,0,0,0,0,0
"83","2017-09-28",416287,190,2152,515,613888,2173,728,0,0,0,0,0,0,0,0,0,0,0,0
"84","2017-09-29",595492,275,2173,620,416287,3473,515,0,0,0,0,0,0,0,0,0,0,0,0
"85","2017-09-30",970089,449,3473,938,595492,3473,620,0,0,0,0,0,0,0,0,0,0,0,0
"86","2017-10-01",1094794,510,3473,609,970089,2123,938,0,0,0,0,0,0,0,0,0,0,0,0
"87","2017-10-02",483019,204,2123,568,1094794,2762,609,3.11402979163698,0,0,0,0,0,0,0,0,0,0,1
"88","2017-10-03",516353,236,2762,999,483019,2519,568,0,0,0,0,0,0,0,0,0,0,0,0
"89","2017-10-04",422818,194,2519,575,516353,2937,999,0,0,0,0,0,0,0,0,0,0,0,0
"90","2017-10-05",486118,235,2937,616,422818,8063,575,0,0,0,0,0,0,0,0,0,0,0,0
"91","2017-10-06",362068,175,8063,583,486118,7692,616,3.11402979163698,0,0,0,0,0,0,0,0,0,0,1
"92","2017-10-07",807216,322,7692,918,362068,3433,583,0,0,0,0,0,0,0,0,0,0,0,0
"93","2017-10-08",1630550,626,3433,1503,807216,2258,918,0,0,0,0,0,0,0,0,0,0,0,0
"94","2017-10-09",1130059,489,2258,736,1630550,2306,1503,0,0,0,0,0,0,0,0,0,0,0,0
"95","2017-10-10",553193,276,2306,740,1130059,2439,736,0,0,0,0,0,0,0,0,0,0,0,0
"96","2017-10-11",558620,291,2439,734,553193,3263,740,0,0,0,0,0,0,0,0,0,0,0,0
"97","2017-10-12",415362,190,3263,666,558620,3909,734,0,0,0,0,0,0,0,0,0,0,0,0
"98","2017-10-13",479628,206,3909,596,415362,5926,666,0,0,0,0,0,0,0,0,0,0,0,0
"99","2017-10-14",934315,414,5926,760,479628,5106,596,0,0,0,0,0,0,0,0,0,0,0,0
"100","2017-10-15",972620,402,5106,767,934315,2835,760,3.11402979163698,0,0,0,0,0,0,0,0,0,0,1
"101","2017-10-16",765159,346,2835,612,972620,2692,767,3.11402979163698,0,0,0,0,0,0,0,0,0,0,1
"102","2017-10-17",494647,225,2692,567,765159,2012,612,3.11402979163698,0,0,0,0,0,0,0,0,0,0,1
"103","2017-10-18",432457,200,2012,688,494647,2125,567,3.11402979163698,0,0,0,0,0,0,0,0,0,0,1
"104","2017-10-19",346042,154,2125,643,432457,3615,688,3.11402979163698,0,0,0,0,0,0,0,0,0,0,1
"105","2017-10-20",477109,193,3615,473,346042,7399,643,0,0,0,0,0,0,0,0,0,0,0,0
"106","2017-10-21",821939,339,7399,725,477109,4864,473,0,0,0,0,0,0,0,0,0,0,0,0
"107","2017-10-22",343076,126,4864,625,821939,3072,725,-13.7694659949776,0,0,0,0,0,0,0,1,0,0,0
"108","2017-10-23",0,0,3072,503,343076,3655,625,3.11402979163698,0,0,0,0,0,0,0,0,0,0,1
"109","2017-10-24",391513,196,3655,822,0,4823,503,0,0,0,0,0,0,0,0,0,0,0,0
"110","2017-10-25",377082,172,4823,569,391513,2178,822,3.11402979163698,0,0,0,0,0,0,0,0,0,0,1
"111","2017-10-26",549514,278,2178,637,377082,3578,569,0,0,0,0,0,0,0,0,0,0,0,0
"112","2017-10-27",652402,272,3578,618,549514,9361,637,0,0,0,0,0,0,0,0,0,0,0,0
"113","2017-10-28",954509,422,9361,640,652402,6032,618,3.11402979163698,0,0,0,0,0,0,0,0,0,0,1
"114","2017-10-29",813522,347,6032,1101,954509,3392,640,3.11402979163698,0,0,0,0,0,0,0,0,0,0,1
"115","2017-10-30",543986,250,3392,585,813522,2710,1101,0,0,0,0,0,0,0,0,0,0,0,0
"116","2017-10-31",312225,127,2710,498,543986,1564,585,0,0,0,0,0,0,0,0,0,0,0,0
"117","2017-11-01",422524,189,1564,705,312225,3250,498,0,0,0,0,0,0,0,0,0,0,0,0
"118","2017-11-02",538764,230,3250,649,422524,8162,705,0,0,0,0,0,0,0,0,0,0,0,0
"119","2017-11-03",1184540,482,8162,1171,538764,7352,649,0,0,0,0,0,0,0,0,0,0,0,0
"120","2017-11-04",1582486,623,7352,1281,1184540,3886,1171,0,0,0,0,0,0,0,0,0,0,0,0
"121","2017-11-05",808730,331,3886,866,1582486,1639,1281,0,0,0,0,0,0,0,0,0,0,0,0
"122","2017-11-06",778394,339,1639,597,808730,1692,866,0,0,0,0,0,0,0,0,0,0,0,0
"123","2017-11-07",407552,180,1692,660,778394,1453,597,0,0,0,0,0,0,0,0,0,0,0,0
"124","2017-11-08",555504,247,1453,799,407552,1540,660,3.11402979163698,0,0,0,0,0,0,0,0,0,0,1
"125","2017-11-09",417172,182,1540,989,555504,2976,799,0,0,0,0,0,0,0,0,0,0,0,0
"126","2017-11-10",623136,263,2976,719,417172,6708,989,0,0,0,0,0,0,0,0,0,0,0,0
"127","2017-11-11",927000,393,6708,650,623136,4330,719,0,0,0,0,0,0,0,0,0,0,0,0
"128","2017-11-12",1178375,497,4330,820,927000,2358,650,0,0,0,0,0,0,0,0,0,0,0,0
"129","2017-11-13",723142,346,2358,650,1178375,2503,820,0,0,0,0,0,0,0,0,0,0,0,0
"130","2017-11-14",231274,112,2503,710,723142,1990,650,3.11402979163698,0,0,0,0,0,0,0,0,0,0,1
"131","2017-11-15",454442,213,1990,590,231274,2450,710,0,0,0,0,0,0,0,0,0,0,0,0
"132","2017-11-16",528467,228,2450,637,454442,3741,590,0,0,0,0,0,0,0,0,0,0,0,0
"133","2017-11-17",525854,249,3741,590,528467,7560,637,0,0,0,0,0,0,0,0,0,0,0,0
"134","2017-11-18",902755,361,7560,881,525854,5772,590,3.11402979163698,0,0,0,0,0,0,0,0,0,0,1
"135","2017-11-19",1115824,475,5772,940,902755,3539,881,0,0,0,0,0,0,0,0,0,0,0,0
"136","2017-11-20",578070,258,3539,706,1115824,2744,940,0,0,0,0,0,0,0,0,0,0,0,0
"137","2017-11-21",606696,247,2744,738,578070,3499,706,0,0,0,0,0,0,0,0,0,0,0,0
"138","2017-11-22",547218,241,3499,608,606696,2734,738,0,0,0,0,0,0,0,0,0,0,0,0
"139","2017-11-23",899567,383,2734,930,547218,3680,608,3.11402979163698,0,0,0,0,0,0,0,0,0,0,1
"140","2017-11-24",884798,392,3680,823,899567,7628,930,0,0,0,0,0,0,0,0,0,0,0,0
"141","2017-11-25",1281194,519,7628,1002,884798,5210,823,0,0,0,0,0,0,0,0,0,0,0,0
"142","2017-11-26",1125678,468,5210,870,1281194,4137,1002,0,0,0,0,0,0,0,0,0,0,0,0
"143","2017-11-27",628516,274,4137,758,1125678,3973,870,0,0,0,0,0,0,0,0,0,0,0,0
"144","2017-11-28",522946,214,3973,528,628516,2735,758,0,0,0,0,0,0,0,0,0,0,0,0
"145","2017-11-29",469142,197,2735,537,522946,1781,528,0,0,0,0,0,0,0,0,0,0,0,0
"146","2017-11-30",264976,113,1781,738,469142,2703,537,0,0,0,0,0,0,0,0,0,0,0,0
"147","2017-12-01",342357,157,2703,680,264976,4365,738,0,0,0,0,0,0,0,0,0,0,0,0
"148","2017-12-02",713744,314,4365,729,342357,3386,680,0,0,0,0,0,0,0,0,0,0,0,0
"149","2017-12-03",1053184,457,3386,667,713744,1783,729,0,0,0,0,0,0,0,0,0,0,0,0
"150","2017-12-04",467272,176,1783,624,1053184,832,667,0,0,0,0,0,0,0,0,0,0,0,0
"151","2017-12-05",383030,178,832,435,467272,696,624,0,0,0,0,0,0,0,0,0,0,0,0
"152","2017-12-06",395985,152,696,433,383030,1176,435,0,0,0,0,0,0,0,0,0,0,0,0
"153","2017-12-07",381182,171,1176,501,395985,978,433,0,0,0,0,0,0,0,0,0,0,0,0
"154","2017-12-08",358680,151,978,793,381182,4881,501,0,0,0,0,0,0,0,0,0,0,0,0
"155","2017-12-09",922986,413,4881,790,358680,2506,793,0,0,0,0,0,0,0,0,0,0,0,0
"156","2017-12-10",974044,437,2506,652,922986,1218,790,0,0,0,0,0,0,0,0,0,0,0,0
"157","2017-12-11",467272,176,1218,729,974044,1553,652,0,0,0,0,0,0,0,0,0,0,0,0
"158","2017-12-12",383030,152,1553,524,467272,2141,729,0,0,0,0,0,0,0,0,0,0,0,0
"159","2017-12-13",488592,184,2141,706,383030,956,524,0,0,0,0,0,0,0,0,0,0,0,0
"160","2017-12-14",401176,184,956,533,488592,942,706,0,0,0,0,0,0,0,0,0,0,0,0
"161","2017-12-15",365617,153,942,822,401176,3907,533,0,0,0,0,0,0,0,0,0,0,0,0
"162","2017-12-16",856844,327,3907,783,365617,1645,822,0,0,0,0,0,0,0,0,0,0,0,0
"163","2017-12-17",996294,437,1645,679,856844,837,783,0,0,0,0,0,0,0,0,0,0,0,0
"164","2017-12-18",537114,230,837,726,996294,739,679,0,0,0,0,0,0,0,0,0,0,0,0
"165","2017-12-19",391560,172,739,598,537114,592,726,0,0,0,0,0,0,0,0,0,0,0,0
"166","2017-12-20",352052,135,592,746,391560,1138,598,0,0,0,0,0,0,0,0,0,0,0,0
"167","2017-12-21",300760,144,1138,507,352052,4070,746,0,0,0,0,0,0,0,0,0,0,0,0
"168","2017-12-22",248542,97,4070,460,300760,8069,507,0,0,0,0,0,0,0,0,0,0,0,0
"169","2017-12-23",918998,413,8069,822,248542,2980,460,0,0,0,0,0,0,0,0,0,0,0,0
"170","2017-12-24",956014,388,2980,841,918998,2222,822,3.11402979163698,0,0,0,0,0,0,0,0,0,0,1
"171","2017-12-25",477782,230,2222,543,956014,2566,841,4.08588155585479,0,0,0,1,0,0,0,0,0,0,0
"172","2017-12-26",541756,257,2566,749,477782,5280,543,0,0,0,0,0,0,0,0,0,0,0,0
"173","2017-12-27",646522,281,5280,605,541756,8254,749,0,0,0,0,0,0,0,0,0,0,0,0
"174","2017-12-28",747202,340,8254,797,646522,13415,605,0,0,0,0,0,0,0,0,0,0,0,0
"175","2017-12-29",1125318,443,13415,627,747202,13282,797,0,0,0,0,0,0,0,0,0,0,0,0
"176","2017-12-30",1429349,575,13282,867,1125318,9004,627,0,0,0,0,0,0,0,0,0,0,0,0
"177","2017-12-31",1226692,487,9004,619,1429349,7183,867,0,0,0,0,0,0,0,0,0,0,0,0
"178","2018-01-01",2864260,1025,7183,646,1226692,6853,619,0,0,0,0,0,0,0,0,0,0,0,0
"179","2018-01-02",2749210,1002,6853,981,2864260,6439,646,0,0,0,0,0,0,0,0,0,0,0,0
"180","2018-01-03",2227218,853,6439,875,2749210,4789,981,0,0,0,0,0,0,0,0,0,0,0,0
"181","2018-01-04",1978910,765,4789,1555,2227218,3326,875,0,0,0,0,0,0,0,0,0,0,0,0
"182","2018-01-05",1385594,531,3326,1107,1978910,3326,1555,0,0,0,0,0,0,0,0,0,0,0,0
"183","2018-01-06",1556690,632,3326,2267,1385594,4208,1107,0,0,0,0,0,0,0,0,0,0,0,0
"184","2018-01-07",2250501,883,4208,1442,1556690,981,2267,0,0,0,0,0,0,0,0,0,0,0,0
"185","2018-01-08",961136,366,981,984,2250501,616,1442,3.11402979163698,0,0,0,0,0,0,0,0,0,0,1
"186","2018-01-09",773959,305,616,881,961136,790,984,0,0,0,0,0,0,0,0,0,0,0,0
"187","2018-01-10",777736,340,790,940,773959,904,881,0,0,0,0,0,0,0,0,0,0,0,0
"188","2018-01-11",946562,369,904,1035,777736,1128,940,0,0,0,0,0,0,0,0,0,0,0,0
"189","2018-01-12",693910,283,1128,700,946562,2663,1035,0,0,0,0,0,0,0,0,0,0,0,0
"190","2018-01-13",1104710,477,2663,975,693910,1965,700,0,0,0,0,0,0,0,0,0,0,0,0
"191","2018-01-14",1248466,525,1965,930,1104710,1368,975,0,0,0,0,0,0,0,0,0,0,0,0
"192","2018-01-15",789898,373,1368,821,1248466,1234,930,0,0,0,0,0,0,0,0,0,0,0,0
"193","2018-01-16",767706,340,1234,822,789898,1274,821,0,0,0,0,0,0,0,0,0,0,0,0
"194","2018-01-17",672770,306,1274,726,767706,1033,822,3.11402979163698,0,0,0,0,0,0,0,0,0,0,1
"195","2018-01-18",888823,403,1033,789,672770,829,726,0,0,0,0,0,0,0,0,0,0,0,0
"196","2018-01-19",672204,308,829,777,888823,1912,789,0,0,0,0,0,0,0,0,0,0,0,0
"197","2018-01-20",1110287,436,1912,1009,672204,1694,777,0,0,0,0,0,0,0,0,0,0,0,0
"198","2018-01-21",1285310,512,1694,1190,1110287,1220,1009,0,0,0,0,0,0,0,0,0,0,0,0
"199","2018-01-22",682992,282,1220,831,1285310,874,1190,3.11402979163698,0,0,0,0,0,0,0,0,0,0,1
"200","2018-01-23",867302,344,874,936,682992,991,831,0,0,0,0,0,0,0,0,0,0,0,0
"201","2018-01-24",534940,245,991,912,867302,795,936,0,0,0,0,0,0,0,0,0,0,0,0
"202","2018-01-25",442790,217,795,642,534940,1408,912,0,0,0,0,0,0,0,0,0,0,0,0
"203","2018-01-26",606668,251,1408,856,442790,3453,642,0,0,0,0,0,0,0,0,0,0,0,0
"204","2018-01-27",1071260,492,3453,1002,606668,2632,856,0,0,0,0,0,0,0,0,0,0,0,0
"205","2018-01-28",1267450,489,2632,1392,1071260,1577,1002,0,0,0,0,0,0,0,0,0,0,0,0
"206","2018-01-29",818832,354,1577,772,1267450,1021,1392,0,0,0,0,0,0,0,0,0,0,0,0
"207","2018-01-30",683000,313,1021,762,818832,1392,772,0,0,0,0,0,0,0,0,0,0,0,0
"208","2018-01-31",699342,276,1392,855,683000,1374,762,0,0,0,0,0,0,0,0,0,0,0,0
"209","2018-02-01",536570,234,1374,534,699342,1045,855,0,0,0,0,0,0,0,0,0,0,0,0
"210","2018-02-02",485010,233,1045,835,536570,4869,534,0,0,0,0,0,0,0,0,0,0,0,0
"211","2018-02-03",1163802,434,4869,1187,485010,2616,835,0,0,0,0,0,0,0,0,0,0,0,0
"212","2018-02-04",1096200,430,2616,1131,1163802,1643,1187,0,0,0,0,0,0,0,0,0,0,0,0
"213","2018-02-05",646822,280,1643,640,1096200,837,1131,0,0,0,0,0,0,0,0,0,0,0,0
"214","2018-02-06",548412,255,837,954,646822,1219,640,0,0,0,0,0,0,0,0,0,0,0,0
"215","2018-02-07",492354,217,1219,791,548412,1110,954,0,0,0,0,0,0,0,0,0,0,0,0
"216","2018-02-08",569360,243,1110,1163,492354,2175,791,0,0,0,0,0,0,0,0,0,0,0,0
"217","2018-02-09",595432,253,2175,903,569360,7359,1163,0,0,0,0,0,0,0,0,0,0,0,0
"218","2018-02-10",1083834,408,7359,1375,595432,4437,903,0,0,0,0,0,0,0,0,0,0,0,0
"219","2018-02-11",1724827,704,4437,1559,1083834,2435,1375,0,0,0,0,0,0,0,0,0,0,0,0
"220","2018-02-12",1204812,469,2435,1191,1724827,1892,1559,0,0,0,0,0,0,0,0,0,0,0,0
"221","2018-02-13",723810,310,1892,1363,1204812,1787,1191,0,0,0,0,0,0,0,0,0,0,0,0
"222","2018-02-14",671484,278,1787,683,723810,2056,1363,0,0,0,0,0,0,0,0,0,0,0,0
"223","2018-02-15",635364,250,2056,906,671484,2703,683,0,0,0,0,0,0,0,0,0,0,0,0
"224","2018-02-16",777740,322,2703,786,635364,7905,906,0,0,0,0,0,0,0,0,0,0,0,0
"225","2018-02-17",1159461,500,7905,1134,777740,6103,786,0,0,0,0,0,0,0,0,0,0,0,0
"226","2018-02-18",1178438,532,6103,1296,1159461,3534,1134,0,0,0,0,0,0,0,0,0,0,0,0
"227","2018-02-19",776768,353,3534,1034,1178438,2847,1296,0,0,0,0,0,0,0,0,0,0,0,0
"228","2018-02-20",685354,277,2847,755,776768,2554,1034,0,0,0,0,0,0,0,0,0,0,0,0
"229","2018-02-21",705712,322,2554,1114,685354,2146,755,0,0,0,0,0,0,0,0,0,0,0,0
"230","2018-02-22",462372,220,2146,814,705712,3584,1114,0,0,0,0,0,0,0,0,0,0,0,0
"231","2018-02-23",678588,292,3584,700,462372,6264,814,0,0,0,0,0,0,0,0,0,0,0,0
"232","2018-02-24",1132556,478,6264,1142,678588,4291,700,0,0,0,0,0,0,0,0,0,0,0,0
"233","2018-02-25",1095512,450,4291,993,1132556,1613,1142,0,0,0,0,0,0,0,0,0,0,0,0
"234","2018-02-26",704908,277,1613,843,1095512,1155,993,0,0,0,0,0,0,0,0,0,0,0,0
"235","2018-02-27",582609,274,1155,666,704908,1187,843,0,0,0,0,0,0,0,0,0,0,0,0
"236","2018-02-28",338580,156,1187,794,582609,2330,666,3.11402979163698,0,0,0,0,0,0,0,0,0,0,1
"237","2018-03-01",383030,172,2330,632,338580,5718,794,3.11402979163698,0,0,0,0,0,0,0,0,0,0,1
"238","2018-03-02",456218,204,5718,717,383030,3350,632,0,0,0,0,0,0,0,0,0,0,0,0
"239","2018-03-03",1117905,453,3350,1084,456218,3350,717,0,0,0,0,0,0,0,0,0,0,0,0
"240","2018-03-04",1132461,474,3350,1001,1117905,3350,1084,0,0,0,0,0,0,0,0,0,0,0,0
"241","2018-03-05",545497,245,3350,923,1132461,2148,1001,3.11402979163698,0,0,0,0,0,0,0,0,0,0,1
"242","2018-03-06",470670,216,2148,813,545497,1747,923,0,0,0,0,0,0,0,0,0,0,0,0
"243","2018-03-07",728072,304,1747,795,470670,1581,813,0,0,0,0,0,0,0,0,0,0,0,0
"244","2018-03-08",534294,206,1581,920,728072,2970,795,3.11402979163698,0,0,0,0,0,0,0,0,0,0,1
"245","2018-03-09",418619,182,2970,976,534294,7004,920,3.11402979163698,0,0,0,0,0,0,0,0,0,0,1
"246","2018-03-10",1175920,498,7004,1012,418619,3689,976,0,0,0,0,0,0,0,0,0,0,0,0
"247","2018-03-11",1191010,497,3689,980,1175920,2083,1012,0,0,0,0,0,0,0,0,0,0,0,0
"248","2018-03-12",757705,331,2083,875,1191010,1976,980,0,0,0,0,0,0,0,0,0,0,0,0
"249","2018-03-13",633906,287,1976,576,757705,2779,875,0,0,0,0,0,0,0,0,0,0,0,0
"250","2018-03-14",720762,306,2779,812,633906,2702,576,0,0,0,0,0,0,0,0,0,0,0,0
"251","2018-03-15",613300,272,2702,812,720762,3960,812,0,0,0,0,0,0,0,0,0,0,0,0
"252","2018-03-16",617900,289,3960,768,613300,6389,812,0,0,0,0,0,0,0,0,0,0,0,0
"253","2018-03-17",1145700,496,6389,793,617900,6762,768,0,0,0,0,0,0,0,0,0,0,0,0
"254","2018-03-18",1203930,505,6762,931,1145700,4077,793,0,0,0,0,0,0,0,0,0,0,0,0
"255","2018-03-19",736870,332,4077,1106,1203930,2531,931,0,0,0,0,0,0,0,0,0,0,0,0
"256","2018-03-20",777210,319,2531,849,736870,2493,1106,3.11402979163698,0,0,0,0,0,0,0,0,0,0,1
"257","2018-03-21",800230,317,2493,860,777210,2658,849,3.11402979163698,0,0,0,0,0,0,0,0,0,0,1
"258","2018-03-22",804760,343,2658,994,800230,4823,860,3.11402979163698,0,0,0,0,0,0,0,0,0,0,1
"259","2018-03-23",695130,300,4823,760,804760,10615,994,0,0,0,0,0,0,0,0,0,0,0,0
"260","2018-03-24",1129960,428,10615,842,695130,9694,760,0,0,0,0,0,0,0,0,0,0,0,0
"261","2018-03-25",1274550,530,9694,907,1129960,5455,842,0,0,0,0,0,0,0,0,0,0,0,0
"262","2018-03-26",889090,412,5455,753,1274550,5878,907,0,0,0,0,0,0,0,0,0,0,0,0
"263","2018-03-27",744990,332,5878,766,889090,3179,753,0,0,0,0,0,0,0,0,0,0,0,0
"264","2018-03-28",853101,577,3179,666,744990,6074,766,0,0,0,0,0,0,0,0,0,0,0,0
"265","2018-03-29",870690,375,6074,512,853101,6261,666,0,0,0,0,0,0,0,0,0,0,0,0
"266","2018-03-30",895140,384,6261,637,870690,11303,512,0,0,0,0,0,0,0,0,0,0,0,0
"267","2018-03-31",1264250,546,11303,549,895140,9953,637,0,0,0,0,0,0,0,0,0,0,0,0
"268","2018-04-01",1352990,586,9953,847,1264250,5153,549,0,0,0,0,0,0,0,0,0,0,0,0
"269","2018-04-02",840620,363,5153,754,1352990,4396,847,0,0,0,0,0,0,0,0,0,0,0,0
"270","2018-04-03",858750,355,4396,580,840620,3130,754,0,0,0,0,0,0,0,0,0,0,0,0
"271","2018-04-04",835690,366,3130,754,858750,1680,580,0,0,0,0,0,0,0,0,0,0,0,0
"272","2018-04-05",653480,261,1680,501,835690,2568,754,0,0,0,0,0,0,0,0,0,0,0,0
"273","2018-04-06",469874,199,2568,472,653480,3339,501,0,0,0,0,0,0,0,0,0,0,0,0
"274","2018-04-07",971780,385,3339,510,469874,2003,472,0,0,0,0,0,0,0,0,0,0,0,0
"275","2018-04-08",985130,404,2003,894,971780,1286,510,0,0,0,0,0,0,0,0,0,0,0,0
"276","2018-04-09",522530,227,1286,640,985130,2094,894,0,0,0,0,0,0,0,0,0,0,0,0
"277","2018-04-10",534980,215,2094,636,522530,2011,640,0,0,0,0,0,0,0,0,0,0,0,0
"278","2018-04-11",388850,147,2011,612,534980,1553,636,0,0,0,0,0,0,0,0,0,0,0,0
"279","2018-04-12",614810,214,1553,493,388850,1592,612,0,0,0,0,0,0,0,0,0,0,0,0
"280","2018-04-13",483260,214,1592,629,614810,5734,493,0,0,0,0,0,0,0,0,0,0,0,0
"281","2018-04-14",904570,391,5734,722,483260,2976,629,0,0,0,0,0,0,0,0,0,0,0,0
"282","2018-04-15",931900,390,2976,870,904570,1975,722,3.11402979163698,0,0,0,0,0,0,0,0,0,0,1
"283","2018-04-16",526050,225,1975,1096,931900,1595,870,0,0,0,0,0,0,0,0,0,0,0,0
"284","2018-04-17",572910,213,1595,630,526050,1394,1096,3.11402979163698,0,0,0,0,0,0,0,0,0,0,1
"285","2018-04-18",364240,162,1394,538,572910,1051,630,3.11402979163698,0,0,0,0,0,0,0,0,0,0,1
"286","2018-04-19",449780,194,1051,494,364240,1770,538,0,0,0,0,0,0,0,0,0,0,0,0
"287","2018-04-20",546290,219,1770,584,449780,6534,494,0,0,0,0,0,0,0,0,0,0,0,0
"288","2018-04-21",973380,407,6534,806,546290,3229,584,0,0,0,0,0,0,0,0,0,0,0,0
"289","2018-04-22",865980,372,3229,824,973380,1538,806,0,0,0,0,0,0,0,0,0,0,0,0
"290","2018-04-23",473550,205,1538,1104,865980,1531,824,0,0,0,0,0,0,0,0,0,0,0,0
"291","2018-04-24",283880,123,1531,719,473550,1210,1104,0,0,0,0,0,0,0,0,0,0,0,0
"292","2018-04-25",345520,151,1210,665,283880,1653,719,3.11402979163698,0,0,0,0,0,0,0,0,0,0,1
"293","2018-04-26",381790,170,1653,823,345520,2053,665,0,0,0,0,0,0,0,0,0,0,0,0
"294","2018-04-27",363260,159,2053,670,381790,9612,823,0,0,0,0,0,0,0,0,0,0,0,0
"295","2018-04-28",974210,421,9612,825,363260,8350,670,0,0,0,0,0,0,0,0,0,0,0,0
"296","2018-04-29",1637550,707,8350,1156,974210,6748,825,0,0,0,0,0,0,0,0,0,0,0,0
"297","2018-04-30",1207670,528,6748,1030,1637550,6700,1156,0,0,0,0,0,0,0,0,0,0,0,0
"298","2018-05-01",1017790,473,6700,1093,1207670,11552,1030,0,0,0,0,0,0,0,0,0,0,0,0
"299","2018-05-02",904410,333,11552,1027,1017790,11954,1093,3.11402979163698,0,0,0,0,0,0,0,0,0,0,1
"300","2018-05-03",1430600,554,11954,1090,904410,13461,1027,3.11402979163698,0,0,0,0,0,0,0,0,0,0,1
"301","2018-05-04",2136810,816,13461,1314,1430600,9511,1090,0,0,0,0,0,0,0,0,0,0,0,0
"302","2018-05-05",1611380,639,9511,1446,2136810,2431,1314,0,0,0,0,0,0,0,0,0,0,0,0
"303","2018-05-06",935280,405,2431,1138,1611380,1606,1446,0,0,0,0,0,0,0,0,0,0,0,0
"304","2018-05-07",138060,55,1606,822,935280,1227,1138,3.11402979163698,0,0,0,0,0,0,0,0,0,0,1
"305","2018-05-08",277230,124,1227,658,138060,1601,822,3.11402979163698,0,0,0,0,0,0,0,0,0,0,1
"306","2018-05-09",356150,148,1601,812,277230,2303,658,3.11402979163698,0,0,0,0,0,0,0,0,0,0,1
"307","2018-05-10",472810,196,2303,608,356150,2506,812,0,0,0,0,0,0,0,0,0,0,0,0
"308","2018-05-11",326080,133,2506,842,472810,4383,608,0,0,0,0,0,0,0,0,0,0,0,0
"309","2018-05-12",852330,361,4383,442,326080,2964,842,0,0,0,0,0,0,0,0,0,0,0,0
"310","2018-05-13",767140,334,2964,735,852330,1862,442,3.11402979163698,0,0,0,0,0,0,0,0,0,0,1
"311","2018-05-14",623760,244,1862,835,767140,1840,735,0,0,0,0,0,0,0,0,0,0,0,0
"312","2018-05-15",491660,201,1840,673,623760,2118,835,0,0,0,0,0,0,0,0,0,0,0,0
"313","2018-05-16",547570,241,2118,686,491660,1651,673,0,0,0,0,0,0,0,0,0,0,0,0
"314","2018-05-17",458330,184,1651,540,547570,1802,686,0,0,0,0,0,0,0,0,0,0,0,0
"315","2018-05-18",502710,230,1802,624,458330,4161,540,0,0,0,0,0,0,0,0,0,0,0,0
"316","2018-05-19",876940,386,4161,448,502710,3053,624,3.11402979163698,0,0,0,0,0,0,0,0,0,0,1
"317","2018-05-20",973260,408,3053,572,876940,1815,448,0,0,0,0,0,0,0,0,0,0,0,0
"318","2018-05-21",438170,196,1815,695,973260,1311,572,0,0,0,0,0,0,0,0,0,0,0,0
"319","2018-05-22",510730,210,1311,597,438170,1525,695,0,0,0,0,0,0,0,0,0,0,0,0
"320","2018-05-23",312470,136,1525,483,510730,1722,597,3.11402979163698,0,0,0,0,0,0,0,0,0,0,1
"321","2018-05-24",365240,152,1722,628,312470,2040,483,0,0,0,0,0,0,0,0,0,0,0,0
"322","2018-05-25",478810,377,2040,492,365240,4586,628,0,0,0,0,0,0,0,0,0,0,0,0
"323","2018-05-26",859080,370,4586,481,478810,3174,492,0,0,0,0,0,0,0,0,0,0,0,0
"324","2018-05-27",1000660,465,3174,587,859080,1991,481,0,0,0,0,0,0,0,0,0,0,0,0
"325","2018-05-28",636720,252,1991,755,1000660,1894,587,0,0,0,0,0,0,0,0,0,0,0,0
"326","2018-05-29",361740,168,1894,530,636720,1384,755,0,0,0,0,0,0,0,0,0,0,0,0
"327","2018-05-30",345310,140,1384,467,361740,1785,530,3.11402979163698,0,0,0,0,0,0,0,0,0,0,1
"328","2018-05-31",368780,163,1785,497,345310,3138,467,0,0,0,0,0,0,0,0,0,0,0,0
"329","2018-06-01",20640,8,3138,478,368780,4559,497,0,0,0,0,0,0,0,0,0,0,0,0
"330","2018-06-02",1020990,462,4559,491,20640,3066,478,0,0,0,0,0,0,0,0,0,0,0,0
"331","2018-06-03",892810,364,3066,887,1020990,2462,491,0,0,0,0,0,0,0,0,0,0,0,0
"332","2018-06-04",473170,211,2462,537,892810,2035,887,0,0,0,0,0,0,0,0,0,0,0,0
"333","2018-06-05",413202,180,2035,561,473170,1769,537,0,0,0,0,0,0,0,0,0,0,0,0
"334","2018-06-06",262890,96,1769,535,413202,1254,561,3.11402979163698,0,0,0,0,0,0,0,0,0,0,1
"335","2018-06-07",243160,122,1254,525,262890,1841,535,0,0,0,0,0,0,0,0,0,0,0,0
"336","2018-06-08",461090,205,1841,426,243160,4440,525,0,0,0,0,0,0,0,0,0,0,0,0
"337","2018-06-09",821600,370,4440,524,461090,2952,426,0,0,0,0,0,0,0,0,0,0,0,0
"338","2018-06-10",727640,317,2952,740,821600,2154,524,3.11402979163698,0,0,0,0,0,0,0,0,0,0,1
"339","2018-06-11",332040,167,2154,782,727640,1571,740,0,0,0,0,0,0,0,0,0,0,0,0
"340","2018-06-12",376180,150,1571,647,332040,1419,782,0,0,0,0,0,0,0,0,0,0,0,0
"341","2018-06-13",468040,196,1419,554,376180,1260,647,0,0,0,0,0,0,0,0,0,0,0,0
"342","2018-06-14",526820,200,1260,485,468040,2663,554,0,0,0,0,0,0,0,0,0,0,0,0
"343","2018-06-15",8420,4,2663,626,526820,6606,485,3.11402979163698,0,0,0,0,0,0,0,0,0,0,1
"344","2018-06-16",976050,422,6606,1160,8420,3740,626,0,0,0,0,0,0,0,0,0,0,0,0
"345","2018-06-17",1147390,456,3740,851,976050,1591,1160,0,0,0,0,0,0,0,0,0,0,0,0
"346","2018-06-18",280910,134,1591,643,1147390,757,851,3.11402979163698,0,0,0,0,0,0,0,0,0,0,1
"347","2018-06-19",297120,118,757,330,280910,1214,643,0,0,0,0,0,0,0,0,0,0,0,0
"348","2018-06-20",210310,80,1214,343,297120,1418,330,3.11402979163698,0,0,0,0,0,0,0,0,0,0,1
"349","2018-06-21",300350,130,1418,492,210310,1951,343,0,0,0,0,0,0,0,0,0,0,0,0
"350","2018-06-22",469490,194,1951,414,300350,5406,492,0,0,0,0,0,0,0,0,0,0,0,0
"351","2018-06-23",900800,362,5406,465,469490,2858,414,3.11402979163698,0,0,0,0,0,0,0,0,0,0,1
"352","2018-06-24",1041530,471,2858,886,900800,1957,465,0,0,0,0,0,0,0,0,0,0,0,0
"353","2018-06-25",367680,165,1957,607,1041530,1630,886,0,0,0,0,0,0,0,0,0,0,0,0
"354","2018-06-26",292520,155,1630,423,367680,1784,607,0,0,0,0,0,0,0,0,0,0,0,0
"355","2018-06-27",349690,172,1784,544,292520,1303,423,0,0,0,0,0,0,0,0,0,0,0,0
"356","2018-06-28",512430,201,1303,722,349690,1915,544,0,0,0,0,0,0,0,0,0,0,0,0
"357","2018-06-29",360620,143,1915,624,512430,4300,722,0,0,0,0,0,0,0,0,0,0,0,0
"358","2018-06-30",859970,391,4300,611,360620,1643,624,0,0,0,0,0,0,0,0,0,0,0,0
"359","2018-07-01",996740,455,1643,798,859970,965,611,0,0,0,0,0,0,0,0,0,0,0,0
"360","2018-07-02",448610,196,965,589,996740,1028,798,0,0,0,0,0,0,0,0,0,0,0,0
"361","2018-07-03",323390,127,1028,555,448610,902,589,0,0,0,0,0,0,0,0,0,0,0,0
"362","2018-07-04",315140,123,902,310,323390,987,555,3.11402979163698,0,0,0,0,0,0,0,0,0,0,1
"363","2018-07-05",387220,161,987,334,315140,1768,310,0,0,0,0,0,0,0,0,0,0,0,0
"364","2018-07-06",280320,126,1768,474,387220,5178,334,3.11402979163698,0,0,0,0,0,0,0,0,0,0,1
"365","2018-07-07",561100,243,5178,352,280320,2687,474,3.11402979163698,0,0,0,0,0,0,0,0,0,0,1
"366","2018-07-08",808320,350,2687,410,561100,1667,352,0,0,0,0,0,0,0,0,0,0,0,0
"367","2018-07-09",501090,228,1667,736,808320,1648,410,0,0,0,0,0,0,0,0,0,0,0,0
"368","2018-07-10",418680,191,1648,492,501090,1610,736,0,0,0,0,0,0,0,0,0,0,0,0
"369","2018-07-11",473730,177,1610,416,418680,1787,492,0,0,0,0,0,0,0,0,0,0,0,0
"370","2018-07-12",469380,209,1787,656,473730,3193,416,0,0,0,0,0,0,0,0,0,0,0,0
"371","2018-07-13",513980,222,3193,598,469380,11629,656,0,0,0,0,0,0,0,0,0,0,0,0
"372","2018-07-14",1086700,450,11629,559,513980,11986,598,15,0,0,1,0,0,0,0,0,0,0,0
"373","2018-07-15",1487410,652,11986,876,1086700,4329,559,19.7646826799794,0,0,1,0,1,0,0,0,0,0,0
"374","2018-07-16",1173880,505,4329,926,1487410,2192,876,4.7646826799794,0,0,0,0,1,0,0,0,0,0,0
"375","2018-07-17",368430,163,2192,711,1173880,1109,926,4.7646826799794,0,0,0,0,1,0,0,0,0,0,0
"376","2018-07-18",325470,153,1109,524,368430,1556,711,0,0,0,0,0,0,0,0,0,0,0,0
"377","2018-07-19",384480,162,1556,439,325470,3737,524,0,0,0,0,0,0,0,0,0,0,0,0
"378","2018-07-20",397930,159,3737,427,384480,7396,439,0,0,0,0,0,0,0,0,0,0,0,0
"379","2018-07-21",698970,314,7396,411,397930,6165,427,0,0,0,0,0,0,0,0,0,0,0,0
"380","2018-07-22",819010,375,6165,611,698970,5604,411,0,0,0,0,0,0,0,0,0,0,0,0
"381","2018-07-23",514370,217,5604,714,819010,4656,611,0,0,0,0,0,0,0,0,0,0,0,0
"382","2018-07-24",384010,174,4656,559,514370,4326,714,0,0,0,0,0,0,0,0,0,0,0,0
"383","2018-07-25",431350,217,4326,554,384010,5795,559,0,0,0,0,0,0,0,0,0,0,0,0
"384","2018-07-26",387040,186,5795,431,431350,7644,554,0,0,0,0,0,0,0,0,0,0,0,0
"385","2018-07-27",653200,304,7644,601,387040,9679,431,0,0,0,0,0,0,0,0,0,0,0,0
"386","2018-07-28",532440,246,9679,383,653200,6985,601,3.11402979163698,0,0,0,0,0,0,0,0,0,0,1
"387","2018-07-29",681620,318,6985,591,532440,5603,383,3.11402979163698,0,0,0,0,0,0,0,0,0,0,1
"388","2018-07-30",570550,260,5603,760,681620,4342,591,0,0,0,0,0,0,0,0,0,0,0,0
"389","2018-07-31",316310,147,4342,532,570550,4770,760,0,0,0,0,0,0,0,0,0,0,0,0
"390","2018-08-01",566980,289,4770,621,316310,6259,532,0,0,0,0,0,0,0,0,0,0,0,0
"391","2018-08-02",547280,246,6259,657,566980,6749,621,0,0,0,0,0,0,0,0,0,0,0,0
"392","2018-08-03",665290,305,6749,676,547280,7727,657,0,0,0,0,0,0,0,0,0,0,0,0
"393","2018-08-04",860890,393,7727,656,665290,7210,676,0,0,0,0,0,0,0,0,0,0,0,0
"394","2018-08-05",969020,452,7210,693,860890,6890,656,0,0,0,0,0,0,0,0,0,0,0,0
"395","2018-08-06",665270,284,6890,930,969020,7634,693,0,0,0,0,0,0,0,0,0,0,0,0
"396","2018-08-07",561530,238,7634,745,665270,7919,930,3.11402979163698,0,0,0,0,0,0,0,0,0,0,1
"397","2018-08-08",795010,1137,7919,696,561530,9906,745,0,0,0,0,0,0,0,0,0,0,0,0
"398","2018-08-09",624250,314,9906,752,795010,9631,696,0,0,0,0,0,0,0,0,0,0,0,0
"399","2018-08-10",766360,378,9631,942,624250,12501,752,0,0,0,0,0,0,0,0,0,0,0,0
"400","2018-08-11",1153980,445,12501,1141,766360,11722,942,0,0,0,0,0,0,0,0,0,0,0,0
"401","2018-08-12",1487680,575,11722,1044,1153980,11831,1141,0,0,0,0,0,0,0,0,0,0,0,0
"402","2018-08-13",1593490,625,11831,1149,1487680,10251,1044,32.8518304625706,0,1,0,0,0,0,0,0,0,0,0
"403","2018-08-14",1498350,558,10251,1546,1593490,8342,1149,32.8518304625706,0,1,0,0,0,0,0,0,0,0,0
"404","2018-08-15",1265310,550,8342,1446,1498350,9952,1546,35.9658602542076,0,1,0,0,0,0,0,0,0,0,1
"405","2018-08-16",1097260,518,9952,1224,1265310,10140,1446,0,0,0,0,0,0,0,0,0,0,0,0
"406","2018-08-17",1089100,534,10140,1352,1097260,7045,1224,0,0,0,0,0,0,0,0,0,0,0,0
"407","2018-08-18",965830,449,7045,1078,1089100,7872,1352,0,0,0,0,0,0,0,0,0,0,0,0
"408","2018-08-19",1004790,442,7872,1128,965830,7135,1078,0,0,0,0,0,0,0,0,0,0,0,0
"409","2018-08-20",964350,442,7135,1128,1004790,7499,1128,0,0,0,0,0,0,0,0,0,0,0,0
"410","2018-08-21",809490,368,7499,954,964350,6964,1128,3.11402979163698,0,0,0,0,0,0,0,0,0,0,1
"411","2018-08-22",861730,380,6964,785,809490,5440,954,0,0,0,0,0,0,0,0,0,0,0,0
"412","2018-08-23",637800,253,5440,1071,861730,5506,785,3.11402979163698,0,0,0,0,0,0,0,0,0,0,1
"413","2018-08-24",563370,263,5506,602,637800,7444,1071,3.11402979163698,0,0,0,0,0,0,0,0,0,0,1
"414","2018-08-25",881000,426,7444,675,563370,6906,602,0,0,0,0,0,0,0,0,0,0,0,0
"415","2018-08-26",1005000,463,6906,901,881000,7083,675,0,0,0,0,0,0,0,0,0,0,0,0
"416","2018-08-27",643240,317,7083,882,1005000,5186,901,0,0,0,0,0,0,0,0,0,0,0,0
"417","2018-08-28",626170,298,5186,677,643240,3310,882,3.11402979163698,0,0,0,0,0,0,0,0,0,0,1
"418","2018-08-29",592490,308,3310,921,626170,4576,677,0,0,0,0,0,0,0,0,0,0,0,0
"419","2018-08-30",683030,317,4576,901,592490,4848,921,0,0,0,0,0,0,0,0,0,0,0,0
"420","2018-08-31",543170,266,4848,1188,683030,3296,901,0,0,0,0,0,0,0,0,0,0,0,0
"421","2018-09-01",878860,385,3296,777,543170,1266,1188,3.11402979163698,0,0,0,0,0,0,0,0,0,0,1
"422","2018-09-02",876500,398,1266,904,878860,1060,777,0,0,0,0,0,0,0,0,0,0,0,0
"423","2018-09-03",600750,258,1060,1209,876500,1108,904,3.11402979163698,0,0,0,0,0,0,0,0,0,0,1
"424","2018-09-04",633990,258,1108,632,600750,2417,1209,3.11402979163698,0,0,0,0,0,0,0,0,0,0,1
"425","2018-09-05",416230,187,2417,661,633990,2731,632,0,0,0,0,0,0,0,0,0,0,0,0
"426","2018-09-06",420780,185,2731,701,416230,2725,661,0,0,0,0,0,0,0,0,0,0,0,0
"427","2018-09-07",496230,240,2725,720,420780,4772,701,0,0,0,0,0,0,0,0,0,0,0,0
"428","2018-09-08",791090,349,4772,542,496230,3438,720,0,0,0,0,0,0,0,0,0,0,0,0
"429","2018-09-09",977120,430,3438,867,791090,3111,542,0,0,0,0,0,0,0,0,0,0,0,0
"430","2018-09-10",496520,202,3111,834,977120,1614,867,3.11402979163698,0,0,0,0,0,0,0,0,0,0,1
"431","2018-09-11",639950,262,1614,946,496520,1534,834,0,0,0,0,0,0,0,0,0,0,0,0
"432","2018-09-12",584140,256,1534,785,639950,957,946,0,0,0,0,0,0,0,0,0,0,0,0
"433","2018-09-13",609160,264,957,810,584140,1255,785,0,0,0,0,0,0,0,0,0,0,0,0
"434","2018-09-14",545580,233,1255,819,609160,3895,810,0,0,0,0,0,0,0,0,0,0,0,0
"435","2018-09-15",1113980,490,3895,817,545580,2623,819,4.7646826799794,0,0,0,0,1,0,0,0,0,0,0
"436","2018-09-16",1433090,609,2623,1118,1113980,1299,817,4.7646826799794,0,0,0,0,1,0,0,0,0,0,0
"437","2018-09-17",1167600,495,1299,1155,1433090,662,1118,4.7646826799794,0,0,0,0,1,0,0,0,0,0,0
"438","2018-09-18",643450,292,662,907,1167600,707,1155,0,0,0,0,0,0,0,0,0,0,0,0
"439","2018-09-19",548380,234,707,630,643450,1558,907,0,0,0,0,0,0,0,0,0,0,0,0
"440","2018-09-20",531070,211,1558,687,548380,1481,630,3.11402979163698,0,0,0,0,0,0,0,0,0,0,1
"441","2018-09-21",446140,173,1481,727,531070,4521,687,3.11402979163698,0,0,0,0,0,0,0,0,0,0,1
"442","2018-09-22",1029840,449,4521,698,446140,4009,727,4.7646826799794,0,0,0,0,1,0,0,0,0,0,0
"443","2018-09-23",1602070,707,4009,1247,1029840,1071,698,4.7646826799794,0,0,0,0,1,0,0,0,0,0,0
"444","2018-09-24",1041870,438,1071,1142,1602070,2230,1247,4.7646826799794,0,0,0,0,1,0,0,0,0,0,0
"445","2018-09-25",558740,230,2230,876,1041870,2772,1142,0,0,0,0,0,0,0,0,0,0,0,0
"446","2018-09-26",632550,245,2772,751,558740,2994,876,0,0,0,0,0,0,0,0,0,0,0,0
"447","2018-09-27",361800,172,2994,619,632550,2789,751,0,0,0,0,0,0,0,0,0,0,0,0
"448","2018-09-28",489270,209,2789,604,361800,4871,619,0,0,0,0,0,0,0,0,0,0,0,0
"449","2018-09-29",601220,252,4871,568,489270,3968,604,0,0,0,0,0,0,0,0,0,0,0,0
"450","2018-09-30",113190,54,3968,638,601220,1881,568,-13.7694659949776,0,0,0,0,0,0,0,1,0,0,0
"451","2018-10-01",195090,79,1881,699,113190,1772,638,0,0,0,0,0,0,0,0,0,0,0,0
"452","2018-10-02",318710,123,1772,492,195090,2119,699,0,0,0,0,0,0,0,0,0,0,0,0
"453","2018-10-03",560590,262,2119,402,318710,1853,492,0,0,0,0,0,0,0,0,0,0,0,0
"454","2018-10-04",414630,151,1853,445,560590,2393,402,0,0,0,0,0,0,0,0,0,0,0,0
"455","2018-10-05",501140,189,2393,494,414630,8672,445,0,0,0,0,0,0,0,0,0,0,0,0
"456","2018-10-06",921920,403,8672,376,501140,8715,494,4.7646826799794,0,0,0,0,1,0,0,0,0,0,0
"457","2018-10-07",1425820,630,8715,713,921920,4054,376,4.7646826799794,0,0,0,0,1,0,0,0,0,0,0
"458","2018-10-08",1162070,445,4054,1033,1425820,2571,713,4.7646826799794,0,0,0,0,1,0,0,0,0,0,0
"459","2018-10-09",589180,258,2571,650,1162070,2666,1033,0,0,0,0,0,0,0,0,0,0,0,0
"460","2018-10-10",601710,252,2666,421,589180,1889,650,0,0,0,0,0,0,0,0,0,0,0,0
"461","2018-10-11",302470,124,1889,543,601710,1546,421,3.11402979163698,0,0,0,0,0,0,0,0,0,0,1
"462","2018-10-12",499730,214,1546,548,302470,3139,543,0,0,0,0,0,0,0,0,0,0,0,0
"463","2018-10-13",1069180,409,3139,360,499730,2658,548,0,0,0,0,0,0,0,0,0,0,0,0
"464","2018-10-14",1075300,454,2658,869,1069180,1869,360,0,0,0,0,0,0,0,0,0,0,0,0
"465","2018-10-15",750500,305,1869,589,1075300,2210,869,0,0,0,0,0,0,0,0,0,0,0,0
"466","2018-10-16",492560,222,2210,626,750500,2093,589,0,0,0,0,0,0,0,0,0,0,0,0
"467","2018-10-17",552400,222,2093,514,492560,2072,626,0,0,0,0,0,0,0,0,0,0,0,0
"468","2018-10-18",630820,262,2072,567,552400,3239,514,0,0,0,0,0,0,0,0,0,0,0,0
"469","2018-10-19",443940,197,3239,711,630820,5573,567,0,0,0,0,0,0,0,0,0,0,0,0
"470","2018-10-20",1021970,430,5573,591,443940,2824,711,0,0,0,0,0,0,0,0,0,0,0,0
"471","2018-10-21",1080210,466,2824,551,1021970,1657,591,0,0,0,0,0,0,0,0,0,0,0,0
"472","2018-10-22",706740,305,1657,555,1080210,2141,551,0,0,0,0,0,0,0,0,0,0,0,0
"473","2018-10-23",689210,241,2141,585,706740,2483,555,0,0,0,0,0,0,0,0,0,0,0,0
"474","2018-10-24",589860,233,2483,724,689210,1740,585,0,0,0,0,0,0,0,0,0,0,0,0
"475","2018-10-25",698810,268,1740,729,589860,4426,724,0,0,0,0,0,0,0,0,0,0,0,0
"476","2018-10-26",649920,264,4426,617,698810,8322,729,0,0,0,0,0,0,0,0,0,0,0,0
"477","2018-10-27",1019400,418,8322,505,649920,6033,617,0,0,0,0,0,0,0,0,0,0,0,0
"478","2018-10-28",1088540,448,6033,854,1019400,3783,505,0,0,0,0,0,0,0,0,0,0,0,0
"479","2018-10-29",689590,313,3783,844,1088540,3331,854,0,0,0,0,0,0,0,0,0,0,0,0
"480","2018-10-30",494110,226,3331,568,689590,2120,844,0,0,0,0,0,0,0,0,0,0,0,0
"481","2018-10-31",392830,175,2120,493,494110,2468,568,0,0,0,0,0,0,0,0,0,0,0,0
"482","2018-11-01",612000,261,2468,598,392830,4417,493,0,0,0,0,0,0,0,0,0,0,0,0
"483","2018-11-02",613310,268,4417,712,612000,9681,598,0,0,0,0,0,0,0,0,0,0,0,0
"484","2018-11-03",1281640,499,9681,1185,613310,4737,712,0,0,0,0,0,0,0,0,0,0,0,0
"485","2018-11-04",1214550,499,4737,818,1281640,3026,1185,0,0,0,0,0,0,0,0,0,0,0,0
"486","2018-11-05",688180,299,3026,697,1214550,2507,818,0,0,0,0,0,0,0,0,0,0,0,0
"487","2018-11-06",443260,200,2507,435,688180,1669,697,0,0,0,0,0,0,0,0,0,0,0,0
"488","2018-11-07",467200,196,1669,713,443260,1255,435,0,0,0,0,0,0,0,0,0,0,0,0
"489","2018-11-08",552890,244,1255,691,467200,2594,713,0,0,0,0,0,0,0,0,0,0,0,0
"490","2018-11-09",356120,150,2594,560,552890,6609,691,3.11402979163698,0,0,0,0,0,0,0,0,0,0,1
"491","2018-11-10",995090,448,6609,848,356120,4295,560,0,0,0,0,0,0,0,0,0,0,0,0
"492","2018-11-11",1204480,500,4295,563,995090,3050,848,0,0,0,0,0,0,0,0,0,0,0,0
"493","2018-11-12",777880,322,3050,941,1204480,1893,563,0,0,0,0,0,0,0,0,0,0,0,0
"494","2018-11-13",591610,278,1893,589,777880,2001,941,0,0,0,0,0,0,0,0,0,0,0,0
"495","2018-11-14",655270,273,2001,567,591610,1586,589,0,0,0,0,0,0,0,0,0,0,0,0
"496","2018-11-15",540180,213,1586,503,655270,2291,567,0,0,0,0,0,0,0,0,0,0,0,0
"497","2018-11-16",618410,268,2291,865,540180,8144,503,0,0,0,0,0,0,0,0,0,0,0,0
"498","2018-11-17",1117460,471,8144,414,618410,5483,865,0,0,0,0,0,0,0,0,0,0,0,0
"499","2018-11-18",1063930,465,5483,689,1117460,2357,414,0,0,0,0,0,0,0,0,0,0,0,0
"500","2018-11-19",694030,285,2357,671,1063930,1492,689,0,0,0,0,0,0,0,0,0,0,0,0
"501","2018-11-20",562750,239,1492,371,694030,1531,671,0,0,0,0,0,0,0,0,0,0,0,0
"502","2018-11-21",493990,217,1531,455,562750,2653,371,0,0,0,0,0,0,0,0,0,0,0,0
"503","2018-11-22",683340,280,2653,1240,493990,9562,455,0,0,0,0,0,0,0,0,0,0,0,0
"504","2018-11-23",1275780,537,9562,649,683340,10812,1240,4.7646826799794,0,0,0,0,1,0,0,0,0,0,0
"505","2018-11-24",1475780,612,10812,749,1275780,4908,649,4.7646826799794,0,0,0,0,1,0,0,0,0,0,0
"506","2018-11-25",1082330,446,4908,795,1475780,1471,749,4.7646826799794,0,0,0,0,1,0,0,0,0,0,0
"507","2018-11-26",618100,271,1471,710,1082330,3220,795,0,0,0,0,0,0,0,0,0,0,0,0
"508","2018-11-27",566250,239,3220,481,618100,2192,710,0,0,0,0,0,0,0,0,0,0,0,0
"509","2018-11-28",387550,169,2192,563,566250,1608,481,0,0,0,0,0,0,0,0,0,0,0,0
"510","2018-11-29",426280,167,1608,490,387550,2372,563,0,0,0,0,0,0,0,0,0,0,0,0
"511","2018-11-30",539120,238,2372,474,426280,6643,490,0,0,0,0,0,0,0,0,0,0,0,0
"512","2018-12-01",927270,404,6643,931,539120,3385,474,0,0,0,0,0,0,0,0,0,0,0,0
"513","2018-12-02",916690,396,3385,797,927270,1794,931,0,0,0,0,0,0,0,0,0,0,0,0
"514","2018-12-03",508010,209,1794,748,916690,1140,797,0,0,0,0,0,0,0,0,0,0,0,0
"515","2018-12-04",345770,175,1140,422,508010,778,748,0,0,0,0,0,0,0,0,0,0,0,0
"516","2018-12-05",468030,186,778,554,345770,1068,422,0,0,0,0,0,0,0,0,0,0,0,0
"517","2018-12-06",325200,148,1068,414,468030,2081,554,0,0,0,0,0,0,0,0,0,0,0,0
"518","2018-12-07",625380,222,2081,540,325200,5642,414,0,0,0,0,0,0,0,0,0,0,0,0
"519","2018-12-08",964440,416,5642,546,625380,2767,540,0,0,0,0,0,0,0,0,0,0,0,0
"520","2018-12-09",1010410,412,2767,656,964440,901,546,0,0,0,0,0,0,0,0,0,0,0,0
"521","2018-12-10",575780,225,901,842,1010410,704,656,0,0,0,0,0,0,0,0,0,0,0,0
"522","2018-12-11",353230,151,704,544,575780,614,842,0,0,0,0,0,0,0,0,0,0,0,0
"523","2018-12-12",585050,212,614,412,353230,804,544,0,0,0,0,0,0,0,0,0,0,0,0
"524","2018-12-13",417350,189,804,508,585050,2169,412,0,0,0,0,0,0,0,0,0,0,0,0
"525","2018-12-14",372400,156,2169,442,417350,4003,508,0,0,0,0,0,0,0,0,0,0,0,0
"526","2018-12-15",902720,401,4003,442,372400,2006,442,0,0,0,0,0,0,0,0,0,0,0,0
"527","2018-12-16",950100,395,2006,581,902720,1116,442,0,0,0,0,0,0,0,0,0,0,0,0
"528","2018-12-17",603710,255,1116,760,950100,1052,581,0,0,0,0,0,0,0,0,0,0,0,0
"529","2018-12-18",403760,173,1052,338,603710,825,760,0,0,0,0,0,0,0,0,0,0,0,0
"530","2018-12-19",413000,150,825,527,403760,751,338,0,0,0,0,0,0,0,0,0,0,0,0
"531","2018-12-20",496060,174,751,873,413000,1321,527,0,0,0,0,0,0,0,0,0,0,0,0
"532","2018-12-21",309700,141,1321,480,496060,8156,873,0,0,0,0,0,0,0,0,0,0,0,0
"533","2018-12-22",964480,394,8156,332,309700,7838,480,0,0,0,0,0,0,0,0,0,0,0,0
"534","2018-12-23",1276020,520,7838,758,964480,4137,332,0,0,0,0,0,0,0,0,0,0,0,0
"535","2018-12-24",943810,403,4137,851,1276020,3179,758,0,0,0,0,0,0,0,0,0,0,0,0
"536","2018-12-25",532060,232,3179,503,943810,3466,851,4.08588155585479,0,0,0,1,0,0,0,0,0,0,0
"537","2018-12-26",615700,290,3466,444,532060,4559,503,0,0,0,0,0,0,0,0,0,0,0,0
"538","2018-12-27",526850,200,4559,549,615700,7281,444,0,0,0,0,0,0,0,0,0,0,0,0
"539","2018-12-28",760910,326,7281,416,526850,11415,549,0,0,0,0,0,0,0,0,0,0,0,0
"540","2018-12-29",1082410,405,11415,453,760910,15118,416,0,0,0,0,0,0,0,0,0,0,0,0
"541","2018-12-30",1533850,610,15118,851,1082410,16018,453,0,0,0,0,0,0,0,0,0,0,0,0
"542","2018-12-31",1301190,484,16018,712,1533850,12247,851,37.4388058908311,0,0,0,0,0,0,0,0,1,0,0
"543","2019-01-01",2819600,999,12247,568,1301190,12184,712,44.9893264698463,0,0,0,0,0,0,1,0,0,0,0
"544","2019-01-02",2661400,975,12184,502,2819600,13318,568,0,0,0,0,0,0,0,0,0,0,0,0
"545","2019-01-03",2418500,891,13318,1023,2661400,14000,502,0,0,0,0,0,0,0,0,0,0,0,0
"546","2019-01-04",2230930,852,14000,1244,2418500,8700,1023,0,0,0,0,0,0,0,0,0,0,0,0
"547","2019-01-05",1840660,672,8700,783,2230930,4144,1244,0,0,0,0,0,0,0,0,0,0,0,0
"548","2019-01-06",1380850,533,4144,846,1840660,1041,783,0,0,0,0,0,0,0,0,0,0,0,0
"549","2019-01-07",874920,298,1041,1181,1380850,574,846,0,0,0,0,0,0,0,0,0,0,0,0
"550","2019-01-08",670570,242,574,1057,874920,640,1181,0,0,0,0,0,0,0,0,0,0,0,0
"551","2019-01-09",686510,252,640,1312,670570,594,1057,0,0,0,0,0,0,0,0,0,0,0,0
"552","2019-01-10",745630,235,594,539,686510,648,1312,0,0,0,0,0,0,0,0,0,0,0,0
"553","2019-01-11",775820,262,648,619,745630,4444,539,0,0,0,0,0,0,0,0,0,0,0,0
"554","2019-01-12",1177970,482,4444,708,775820,4872,619,4.7646826799794,0,0,0,0,1,0,0,0,0,0,0
"555","2019-01-13",1875210,692,4872,1248,1177970,1919,708,4.7646826799794,0,0,0,0,1,0,0,0,0,0,0
"556","2019-01-14",1195170,461,1919,1185,1875210,858,1248,4.7646826799794,0,0,0,0,1,0,0,0,0,0,0
"557","2019-01-15",665190,246,858,785,1195170,1059,1185,0,0,0,0,0,0,0,0,0,0,0,0
"558","2019-01-16",814000,323,1059,732,665190,876,785,0,0,0,0,0,0,0,0,0,0,0,0
"559","2019-01-17",582750,251,876,869,814000,1435,732,0,0,0,0,0,0,0,0,0,0,0,0
"560","2019-01-18",629410,273,1435,545,582750,3155,869,0,0,0,0,0,0,0,0,0,0,0,0
"561","2019-01-19",1175010,480,3155,545,629410,1812,545,0,0,0,0,0,0,0,0,0,0,0,0
"562","2019-01-20",1279330,458,1812,675,1175010,1068,545,0,0,0,0,0,0,0,0,0,0,0,0
"563","2019-01-21",845340,349,1068,783,1279330,913,675,0,0,0,0,0,0,0,0,0,0,0,0
"564","2019-01-22",869380,328,913,619,845340,719,783,0,0,0,0,0,0,0,0,0,0,0,0
"565","2019-01-23",765000,304,719,619,869380,655,619,0,0,0,0,0,0,0,0,0,0,0,0
"566","2019-01-24",690950,272,655,614,765000,1145,619,0,0,0,0,0,0,0,0,0,0,0,0
"567","2019-01-25",743950,297,1145,614,690950,3462,614,0,0,0,0,0,0,0,0,0,0,0,0
"568","2019-01-26",1122450,435,3462,519,743950,2104,614,0,0,0,0,0,0,0,0,0,0,0,0
"569","2019-01-27",1190500,466,2104,788,1122450,1378,519,0,0,0,0,0,0,0,0,0,0,0,0
"570","2019-01-28",591920,244,1378,769,1190500,1019,788,0,0,0,0,0,0,0,0,0,0,0,0
"571","2019-01-29",776750,283,1019,737,591920,387,769,0,0,0,0,0,0,0,0,0,0,0,0
"572","2019-01-30",535450,230,387,659,776750,394,737,0,0,0,0,0,0,0,0,0,0,0,0
"573","2019-01-31",287150,105,394,481,535450,898,659,3.11402979163698,0,0,0,0,0,0,0,0,0,0,1
"574","2019-02-01",382870,140,898,729,287150,3340,481,0,0,0,0,0,0,0,0,0,0,0,0
"575","2019-02-02",902500,352,3340,481,382870,2852,729,0,0,0,0,0,0,0,0,0,0,0,0
"576","2019-02-03",987810,326,2852,764,902500,1850,481,0,0,0,0,0,0,0,0,0,0,0,0
"577","2019-02-04",651920,252,1850,662,987810,1255,764,0,0,0,0,0,0,0,0,0,0,0,0
"578","2019-02-05",412760,171,1255,743,651920,1515,662,0,0,0,0,0,0,0,0,0,0,0,0
"579","2019-02-06",316000,116,1515,707,412760,1169,743,3.11402979163698,0,0,0,0,0,0,0,0,0,0,1
"580","2019-02-07",524690,203,1169,704,316000,1678,707,0,0,0,0,0,0,0,0,0,0,0,0
"581","2019-02-08",575860,159,1678,708,524690,6671,704,0,0,0,0,0,0,0,0,0,0,0,0
"582","2019-02-09",1030370,420,6671,718,575860,8060,708,4.7646826799794,0,0,0,0,1,0,0,0,0,0,0
"583","2019-02-10",1457930,563,8060,1089,1030370,4021,718,4.7646826799794,0,0,0,0,1,0,0,0,0,0,0
"584","2019-02-11",1157910,453,4021,1180,1457930,1620,1089,4.7646826799794,0,0,0,0,1,0,0,0,0,0,0
"585","2019-02-12",496260,207,1620,812,1157910,2073,1180,0,0,0,0,0,0,0,0,0,0,0,0
"586","2019-02-13",510770,210,2073,627,496260,1938,812,0,0,0,0,0,0,0,0,0,0,0,0
"587","2019-02-14",418600,189,1938,506,510770,2313,627,0,0,0,0,0,0,0,0,0,0,0,0
"588","2019-02-15",412690,165,2313,572,418600,4878,506,0,0,0,0,0,0,0,0,0,0,0,0
"589","2019-02-16",897840,360,4878,572,412690,4245,572,0,0,0,0,0,0,0,0,0,0,0,0
"590","2019-02-17",1193420,477,4245,573,897840,2892,572,0,0,0,0,0,0,0,0,0,0,0,0
"591","2019-02-18",614590,263,2892,946,1193420,2396,573,0,0,0,0,0,0,0,0,0,0,0,0
"592","2019-02-19",436560,159,2396,599,614590,2165,946,3.11402979163698,0,0,0,0,0,0,0,0,0,0,1
"593","2019-02-20",620980,241,2165,600,436560,2128,599,0,0,0,0,0,0,0,0,0,0,0,0
"594","2019-02-21",595130,237,2128,609,620980,2165,600,0,0,0,0,0,0,0,0,0,0,0,0
"595","2019-02-22",580420,224,2165,627,595130,7767,609,0,0,0,0,0,0,0,0,0,0,0,0
"596","2019-02-23",771390,319,7767,536,580420,4398,627,0,0,0,0,0,0,0,0,0,0,0,0
"597","2019-02-24",1007630,427,4398,738,771390,1748,536,0,0,0,0,0,0,0,0,0,0,0,0
"598","2019-02-25",543410,218,1748,1166,1007630,2087,738,0,0,0,0,0,0,0,0,0,0,0,0
"599","2019-02-26",412070,184,2087,673,543410,2116,1166,0,0,0,0,0,0,0,0,0,0,0,0
"600","2019-02-27",564500,235,2116,622,412070,1441,673,0,0,0,0,0,0,0,0,0,0,0,0
"601","2019-02-28",319900,141,1441,619,564500,1987,622,3.11402979163698,0,0,0,0,0,0,0,0,0,0,1
"602","2019-03-01",335370,131,1987,552,319900,3866,619,0,0,0,0,0,0,0,0,0,0,0,0
"603","2019-03-02",951900,388,3866,741,335370,2269,552,0,0,0,0,0,0,0,0,0,0,0,0
"604","2019-03-03",627700,240,2269,727,951900,1768,741,3.11402979163698,0,0,0,0,0,0,0,0,0,0,1
"605","2019-03-04",465850,201,1768,1151,627700,1271,727,3.11402979163698,0,0,0,0,0,0,0,0,0,0,1
"606","2019-03-05",498210,217,1271,717,465850,1125,1151,0,0,0,0,0,0,0,0,0,0,0,0
"607","2019-03-06",486650,227,1125,583,498210,755,717,3.11402979163698,0,0,0,0,0,0,0,0,0,0,1
"608","2019-03-07",496600,206,755,733,486650,1674,583,0,0,0,0,0,0,0,0,0,0,0,0
"609","2019-03-08",505020,234,1674,788,496600,5045,733,0,0,0,0,0,0,0,0,0,0,0,0
"610","2019-03-09",938170,419,5045,564,505020,2903,788,0,0,0,0,0,0,0,0,0,0,0,0
"611","2019-03-10",766440,333,2903,936,938170,1882,564,3.11402979163698,0,0,0,0,0,0,0,0,0,0,1
"612","2019-03-11",650730,255,1882,1324,766440,2094,936,3.11402979163698,0,0,0,0,0,0,0,0,0,0,1
"613","2019-03-12",638480,251,2094,1005,650730,1725,1324,0,0,0,0,0,0,0,0,0,0,0,0
"614","2019-03-13",560220,261,1725,767,638480,1041,1005,0,0,0,0,0,0,0,0,0,0,0,0
"615","2019-03-14",475390,204,1041,628,560220,4220,767,0,0,0,0,0,0,0,0,0,0,0,0
"616","2019-03-15",443840,168,4220,1046,475390,11386,628,0,0,0,0,0,0,0,0,0,0,0,0
"617","2019-03-16",1068120,431,11386,642,443840,8573,1046,0,0,0,0,0,0,0,0,0,0,0,0
"618","2019-03-17",1078400,449,8573,891,1068120,5037,642,0,0,0,0,0,0,0,0,0,0,0,0
"619","2019-03-18",802710,354,5037,979,1078400,4230,891,0,0,0,0,0,0,0,0,0,0,0,0
"620","2019-03-19",633990,291,4230,678,802710,4633,979,0,0,0,0,0,0,0,0,0,0,0,0
"621","2019-03-20",712800,308,4633,4478,633990,6206,678,0,0,0,0,0,0,0,0,0,0,0,0
"622","2019-03-21",1061470,418,6206,1151,712800,6521,4478,0,0,0,0,0,0,0,0,0,0,0,0
"623","2019-03-22",909480,391,6521,1173,1061470,10839,1151,0,0,0,0,0,0,0,0,0,0,0,0
"624","2019-03-23",1155770,441,10839,1039,909480,11207,1173,0,0,0,0,0,0,0,0,0,0,0,0
"625","2019-03-24",1034400,440,11207,918,1155770,8683,1039,0,0,0,0,0,0,0,0,0,0,0,0
"626","2019-03-25",1023100,443,8683,1035,1034400,6584,918,0,0,0,0,0,0,0,0,0,0,0,0
"627","2019-03-26",875030,372,6584,1035,1023100,6102,1035,0,0,0,0,0,0,0,0,0,0,0,0
"628","2019-03-27",868930,379,6102,1066,875030,7037,1035,0,0,0,0,0,0,0,0,0,0,0,0
"629","2019-03-28",875930,379,7037,822,868930,10402,1066,0,0,0,0,0,0,0,0,0,0,0,0
"630","2019-03-29",611400,258,10402,558,875930,14708,822,0,0,0,0,0,0,0,0,0,0,0,0
"631","2019-03-30",1178910,491,14708,669,611400,9376,558,0,0,0,0,0,0,0,0,0,0,0,0
"632","2019-03-31",1128710,519,9376,785,1178910,5228,669,0,0,0,0,0,0,0,0,0,0,0,0
"633","2019-04-01",865200,376,5228,704,1128710,4548,785,0,0,0,0,0,0,0,0,0,0,0,0
"634","2019-04-02",767660,314,4548,707,865200,4819,704,0,0,0,0,0,0,0,0,0,0,0,0
"635","2019-04-03",688590,312,4819,483,767660,3486,707,0,0,0,0,0,0,0,0,0,0,0,0
"636","2019-04-04",391140,179,3486,648,688590,3608,483,0,0,0,0,0,0,0,0,0,0,0,0
"637","2019-04-05",513960,210,3608,732,391140,4377,648,0,0,0,0,0,0,0,0,0,0,0,0
"638","2019-04-06",822060,378,4377,469,513960,2292,732,0,0,0,0,0,0,0,0,0,0,0,0
"639","2019-04-07",936940,405,2292,723,822060,1652,469,0,0,0,0,0,0,0,0,0,0,0,0
"640","2019-04-08",464840,187,1652,763,936940,1310,723,0,0,0,0,0,0,0,0,0,0,0,0
"641","2019-04-09",558410,213,1310,472,464840,1243,763,0,0,0,0,0,0,0,0,0,0,0,0
"642","2019-04-10",239720,103,1243,372,558410,1372,472,3.11402979163698,0,0,0,0,0,0,0,0,0,0,1
"643","2019-04-11",552870,204,1372,636,239720,1868,372,0,0,0,0,0,0,0,0,0,0,0,0
"644","2019-04-12",447510,169,1868,442,552870,3936,636,0,0,0,0,0,0,0,0,0,0,0,0
"645","2019-04-13",844770,340,3936,564,447510,2789.5,442,0,0,0,0,0,0,0,0,0,0,0,0
"646","2019-04-14",786770,303,2789.5,547,844770,1381,564,0,0,0,0,0,0,0,0,0,0,0,0
"647","2019-04-15",584190,247,1381,744,786770,1749,547,0,0,0,0,0,0,0,0,0,0,0,0
"648","2019-04-16",532090,209,1749,543,584190,1688,744,0,0,0,0,0,0,0,0,0,0,0,0
"649","2019-04-17",582590,236,1688,472,532090,1976,543,3.11402979163698,0,0,0,0,0,0,0,0,0,0,1
"650","2019-04-18",476290,211,1976,467,582590,2549,472,0,0,0,0,0,0,0,0,0,0,0,0
"651","2019-04-19",615570,252,2549,435,476290,7509,467,0,0,0,0,0,0,0,0,0,0,0,0
"652","2019-04-20",899690,375,7509,514,615570,2927,435,0,0,0,0,0,0,0,0,0,0,0,0
"653","2019-04-21",1088370,425,2927,566,899690,1332,514,0,0,0,0,0,0,0,0,0,0,0,0
"654","2019-04-22",679120,261,1332,872,1088370,1465,566,0,0,0,0,0,0,0,0,0,0,0,0
"655","2019-04-23",384480,145,1465,629,679120,1889,872,0,0,0,0,0,0,0,0,0,0,0,0
"656","2019-04-24",423590,154,1889,418,384480,1598,629,3.11402979163698,0,0,0,0,0,0,0,0,0,0,1
"657","2019-04-25",416110,173,1598,589,423590,1681,418,0,0,0,0,0,0,0,0,0,0,0,0
"658","2019-04-26",540430,194,1681,587,416110,12362,589,0,0,0,0,0,0,0,0,0,0,0,0
"659","2019-04-27",1091080,457,12362,412,540430,16677,587,20,1,0,0,0,0,0,0,0,0,0,0
"660","2019-04-28",1569130,597,16677,721,1091080,16677,412,20,1,0,0,0,0,0,0,0,0,0,0
"661","2019-04-29",1958510,705,16677,1209,1569130,13879,721,23.114029791637,1,0,0,0,0,0,0,0,0,0,1
"662","2019-04-30",1657320,639,13879,1777,1958510,16677,1209,23.114029791637,1,0,0,0,0,0,0,0,0,0,1
"663","2019-05-01",2049700,777,16677,1602,1657320,16308,1777,20,1,0,0,0,0,0,0,0,0,0,0
"664","2019-05-02",1832870,753,16308,1168,2049700,14970,1602,20,1,0,0,0,0,0,0,0,0,0,0
"665","2019-05-03",1958550,740,14970,1055,1832870,15071,1168,20,1,0,0,0,0,0,0,0,0,0,0
"666","2019-05-04",2025910,829,15071,952,1958550,8852,1055,20,1,0,0,0,0,0,0,0,0,0,0
"667","2019-05-05",1691740,690,8852,1047,2025910,1365,952,20,1,0,0,0,0,0,0,0,0,0,0
"668","2019-05-06",885330,353,1365,987,1691740,1091,1047,0,0,0,0,0,0,0,0,0,0,0,0
"669","2019-05-07",633990,353,1091,514,885330,1746,987,0,0,0,0,0,0,0,0,0,0,0,0
"670","2019-05-08",633990,353,1746,422,633990,1621,514,0,0,0,0,0,0,0,0,0,0,0,0
"671","2019-05-09",633990,353,1621,422,633990,2353,422,0,0,0,0,0,0,0,0,0,0,0,0
"672","2019-05-10",330090,132,2353,422,633990,4221,422,0,0,0,0,0,0,0,0,0,0,0,0
"673","2019-05-11",622510,247,4221,422,330090,3494,422,0,0,0,0,0,0,0,0,0,0,0,0
"674","2019-05-12",887370,363,3494,437,622510,1792,422,0,0,0,0,0,0,0,0,0,0,0,0
"675","2019-05-13",482570,185,1792,594,887370,1490,437,0,0,0,0,0,0,0,0,0,0,0,0
"676","2019-05-14",364100,143,1490,594,482570,1336,594,0,0,0,0,0,0,0,0,0,0,0,0
"677","2019-05-15",575590,221,1336,594,364100,1463,594,0,0,0,0,0,0,0,0,0,0,0,0
"678","2019-05-16",475410,192,1463,594,575590,2772,594,0,0,0,0,0,0,0,0,0,0,0,0
"679","2019-05-17",420670,167,2772,483,475410,5587,594,0,0,0,0,0,0,0,0,0,0,0,0
"680","2019-05-18",920580,375,5587,403,420670,3482,483,0,0,0,0,0,0,0,0,0,0,0,0
"681","2019-05-19",980180,425,3482,586,920580,2551,403,3.11402979163698,0,0,0,0,0,0,0,0,0,0,1
"682","2019-05-20",520090,201,2551,521,980180,3163,586,3.11402979163698,0,0,0,0,0,0,0,0,0,0,1
"683","2019-05-21",339470,131,3163,330,520090,2401,521,0,0,0,0,0,0,0,0,0,0,0,0
"684","2019-05-22",496070,211,2401,593,339470,2135,330,0,0,0,0,0,0,0,0,0,0,0,0
"685","2019-05-23",485800,210,2135,395,496070,2846,593,0,0,0,0,0,0,0,0,0,0,0,0
"686","2019-05-24",447860,177,2846,459,485800,4681,395,0,0,0,0,0,0,0,0,0,0,0,0
"687","2019-05-25",912550,362,4681,478,447860,2885,459,0,0,0,0,0,0,0,0,0,0,0,0
"688","2019-05-26",1025520,392,2885,486,912550,2128,478,0,0,0,0,0,0,0,0,0,0,0,0
"689","2019-05-27",676710,282,2128,557,1025520,1095,486,0,0,0,0,0,0,0,0,0,0,0,0
"690","2019-05-28",536490,187,1095,610,676710,2106,557,3.11402979163698,0,0,0,0,0,0,0,0,0,0,1
"691","2019-05-29",535470,220,2106,442,536490,1956,610,0,0,0,0,0,0,0,0,0,0,0,0
"692","2019-05-30",468890,181,1956,686,535470,2472,442,3.11402979163698,0,0,0,0,0,0,0,0,0,0,1
"693","2019-05-31",400840,163,2472,473,468890,5261,686,0,0,0,0,0,0,0,0,0,0,0,0
"694","2019-06-01",870630,365,5261,358,400840,4176,473,0,0,0,0,0,0,0,0,0,0,0,0
"695","2019-06-02",898270,368,4176,429,870630,2429,358,0,0,0,0,0,0,0,0,0,0,0,0
"696","2019-06-03",673580,266,2429,438,898270,1648,429,0,0,0,0,0,0,0,0,0,0,0,0
"697","2019-06-04",518740,192,1648,408,673580,1533,438,0,0,0,0,0,0,0,0,0,0,0,0
"698","2019-06-05",473510,173,1533,510,518740,1680,408,0,0,0,0,0,0,0,0,0,0,0,0
"699","2019-06-06",554670,203,1680,253,473510,2214,510,3.11402979163698,0,0,0,0,0,0,0,0,0,0,1
"700","2019-06-07",249340,91,2214,319,554670,4256,253,3.11402979163698,0,0,0,0,0,0,0,0,0,0,1
"701","2019-06-08",921990,389,4256,410,249340,2758,319,0,0,0,0,0,0,0,0,0,0,0,0
"702","2019-06-09",757140,277,2758,387,921990,1984,410,0,0,0,0,0,0,0,0,0,0,0,0
"703","2019-06-10",542560,230,1984,379,757140,1818,387,0,0,0,0,0,0,0,0,0,0,0,0
"704","2019-06-11",298280,129,1818,316,542560,1541,379,0,0,0,0,0,0,0,0,0,0,0,0
"705","2019-06-12",520760,195,1541,405,298280,1339,316,0,0,0,0,0,0,0,0,0,0,0,0
"706","2019-06-13",462280,164,1339,359,520760,2635,405,0,0,0,0,0,0,0,0,0,0,0,0
"707","2019-06-14",519580,192,2635,272,462280,5446,359,0,0,0,0,0,0,0,0,0,0,0,0
"708","2019-06-15",709950,296,5446,385,519580,4143,272,0,0,0,0,0,0,0,0,0,0,0,0
"709","2019-06-16",1107030,454,4143,694,709950,1892,385,0,0,0,0,0,0,0,0,0,0,0,0
"710","2019-06-17",732830,304,1892,455,1107030,1332,694,0,0,0,0,0,0,0,0,0,0,0,0
"711","2019-06-18",468660,194,1332,293,732830,1032,455,0,0,0,0,0,0,0,0,0,0,0,0
"712","2019-06-19",376000,143,1032,475,468660,991,293,0,0,0,0,0,0,0,0,0,0,0,0
"713","2019-06-20",384770,156,991,359,376000,2176,475,0,0,0,0,0,0,0,0,0,0,0,0
"714","2019-06-21",663560,248,2176,496,384770,3797,359,0,0,0,0,0,0,0,0,0,0,0,0
"715","2019-06-22",927020,394,3797,421,663560,2458,496,0,0,0,0,0,0,0,0,0,0,0,0
"716","2019-06-23",1009120,390,2458,736,927020,1539,421,0,0,0,0,0,0,0,0,0,0,0,0
"717","2019-06-24",499500,195,1539,467,1009120,1029,736,0,0,0,0,0,0,0,0,0,0,0,0
"718","2019-06-25",479560,161,1029,486,499500,1014,467,0,0,0,0,0,0,0,0,0,0,0,0
"719","2019-06-26",539960,194,1014,289,479560,1098,486,0,0,0,0,0,0,0,0,0,0,0,0
"720","2019-06-27",340450,139,1098,335,539960,2235,289,3.11402979163698,0,0,0,0,0,0,0,0,0,0,1
"721","2019-06-28",506400,204,2235,470,340450,0,335,0,0,0,0,0,0,0,0,0,0,0,0
"722","2019-06-29",905400,380,0,435,506400,2602,470,0,0,0,0,0,0,0,0,0,0,0,0
"723","2019-06-30",673800,242,2602,441,905400,1914,435,3.11402979163698,0,0,0,0,0,0,0,0,0,0,1
"724","2019-07-01",387140,163,1914,429,673800,1871,441,0,0,0,0,0,0,0,0,0,0,0,0
"725","2019-07-02",522450,172,1871,363,387140,1324,429,0,0,0,0,0,0,0,0,0,0,0,0
"726","2019-07-03",283110,112,1324,366,522450,1307,363,3.11402979163698,0,0,0,0,0,0,0,0,0,0,1
"727","2019-07-04",244460,92,1307,643,283110,1178,366,3.11402979163698,0,0,0,0,0,0,0,0,0,0,1
"728","2019-07-05",388490,172,1178,322,244460,5244,643,3.11402979163698,0,0,0,0,0,0,0,0,0,0,1
"729","2019-07-06",628560,230,5244,338,388490,2002,322,3.11402979163698,0,0,0,0,0,0,0,0,0,0,1
"730","2019-07-07",759570,321,2002,570,628560,1141,338,0,0,0,0,0,0,0,0,0,0,0,0
