date,precipitation,sub,event,pre_impact,impact
2017/7/1,0,0,0,0,0
2017/7/2,0.5,0,0,0,0
2017/7/3,0,0,0,0,0
2017/7/4,72,0,âJ,0,0
2017/7/5,9.5,0,0,0,0
2017/7/6,0,0,0,0,0
2017/7/7,0,0,0,0,0
2017/7/8,0,0,0,0,0
2017/7/9,0,0,0,0,0
2017/7/10,0,0,0,0,0
2017/7/11,0,0,0,0,0
2017/7/12,16.5,0,âJ,0,0
2017/7/13,0,0,0,0,0
2017/7/14,10.5,0,âJ,0,0
2017/7/15,0,0,0,0,0
2017/7/16,0,0,0,0,0
2017/7/17,0,0,0,0,0
2017/7/18,0,0,0,0,0
2017/7/19,0,0,0,0,0
2017/7/20,0,0,0,0,0
2017/7/21,5.5,0,0,0,0
2017/7/22,0,0,0,0,0
2017/7/23,0,0,0,0,0
2017/7/24,0,0,0,0,0
2017/7/25,10.5,0,âJ,0,0
2017/7/26,21,0,âJ,0,0
2017/7/27,0,0,0,0,0
2017/7/28,0,0,0,0,0
2017/7/29,0,0,0,0,0
2017/7/30,0,0,0,0,0
2017/7/31,0,0,0,0,0
2017/8/1,0,0,0,0,0
2017/8/2,9,0,0,0,0
2017/8/3,5,0,0,0,0
2017/8/4,3.5,0,0,0,0
2017/8/5,2.5,0,0,0,0
2017/8/6,0,0,0,0,0
2017/8/7,127.5,0,âJ,0,0
2017/8/8,1,0,0,0,0
2017/8/9,0,0,0,0,0
2017/8/10,0,0,0,0,0
2017/8/11,10.5,0,âJ,0,0
2017/8/12,0,0,0,0,0
2017/8/13,0,0,0,0,0
2017/8/14,0,0,0,0,0
2017/8/15,7,0,0,0,0
2017/8/16,5,0,0,0,0
2017/8/17,0,0,0,0,0
2017/8/18,27,0,âJ,0,0
2017/8/19,0,0,0,0,0
2017/8/20,0,0,0,0,0
2017/8/21,0,0,0,0,0
2017/8/22,6.5,0,0,0,0
2017/8/23,1.5,0,0,0,0
2017/8/24,0,0,0,0,0
2017/8/25,0,0,0,0,0
2017/8/26,2.5,0,0,0,0
2017/8/27,0,0,0,0,0
2017/8/28,0,0,0,0,0
2017/8/29,0,0,0,0,0
2017/8/30,0,0,0,0,0
2017/8/31,0,0,0,0,0
2017/9/1,0,0,0,0,0
2017/9/2,0,0,0,0,0
2017/9/3,0,0,0,0,0
2017/9/4,0,0,0,0,0
2017/9/5,2.5,0,0,0,0
2017/9/6,7.5,0,0,0,0
2017/9/7,22,0,âJ,0,0
2017/9/8,0,0,0,0,0
2017/9/9,0,0,0,0,0
2017/9/10,0,0,0,0,0
2017/9/11,0,0,0,0,0
2017/9/12,33.5,0,âJ,0,0
2017/9/13,0,0,0,0,0
2017/9/14,0,0,0,0,0
2017/9/15,0,0,0,0,0
2017/9/16,69,0,âJ,0,0
2017/9/17,60,0,âJ,0,0
2017/9/18,0,0,0,0,0
2017/9/19,0,0,0,0,0
2017/9/20,0,0,0,0,0
2017/9/21,0,0,0,0,0
2017/9/22,12,0,âJ,0,0
2017/9/23,4.5,0,0,0,0
2017/9/24,0,0,0,0,0
2017/9/25,0,0,0,0,0
2017/9/26,0,0,0,0,0
2017/9/27,0,0,0,0,0
2017/9/28,9,0,0,0,0
2017/9/29,0,0,0,0,0
2017/9/30,0,0,0,0,0
2017/10/1,0,0,0,0,0
2017/10/2,35.5,0,âJ,0,0
2017/10/3,2,0,0,0,0
2017/10/4,0,0,0,0,0
2017/10/5,0,0,0,0,0
2017/10/6,21.5,0,âJ,0,0
2017/10/7,2.5,0,0,0,0
2017/10/8,0,0,0,0,0
2017/10/9,7,0,0,0,0
2017/10/10,0,0,0,0,0
2017/10/11,0,0,0,0,0
2017/10/12,0,0,0,0,0
2017/10/13,0,0,0,0,0
2017/10/14,2.5,0,0,0,0
2017/10/15,26,0,âJ,0,0
2017/10/16,49,0,âJ,0,0
2017/10/17,27,0,âJ,0,0
2017/10/18,17.5,0,âJ,0,0
2017/10/19,22.5,0,âJ,0,0
2017/10/20,4.5,0,0,0,0
2017/10/21,42,0,0,0,0
2017/10/22,473.5,0,ë‰ïó,0,0
2017/10/23,24,0,âJ,0,0
2017/10/24,5,0,0,0,0
2017/10/25,18,0,âJ,0,0
2017/10/26,0,0,0,0,0
2017/10/27,0,0,0,0,0
2017/10/28,27,0,âJ,0,0
2017/10/29,81.5,0,âJ,0,0
2017/10/30,0,0,0,0,0
2017/10/31,0,0,0,0,0
2017/11/1,0,0,0,0,0
2017/11/2,0,0,0,0,0
2017/11/3,0,0,0,0,0
2017/11/4,0,0,0,0,0
2017/11/5,0,0,0,0,0
2017/11/6,0,0,0,0,0
2017/11/7,0,0,0,0,0
2017/11/8,11.5,0,âJ,0,0
2017/11/9,0,0,0,0,0
2017/11/10,0,0,0,0,0
2017/11/11,1.5,0,0,0,0
2017/11/12,0,0,0,0,0
2017/11/13,0,0,0,0,0
2017/11/14,11,0,âJ,0,0
2017/11/15,0,0,0,0,0
2017/11/16,0,0,0,0,0
2017/11/17,0,0,0,0,0
2017/11/18,19,0,âJ,0,0
2017/11/19,0,0,0,0,0
2017/11/20,0,0,0,0,0
2017/11/21,0,0,0,0,0
2017/11/22,0,0,0,0,0
2017/11/23,15,0,âJ,0,0
2017/11/24,0,0,0,0,0
2017/11/25,0,0,0,0,0
2017/11/26,0,0,0,0,0
2017/11/27,0,0,0,0,0
2017/11/28,0,0,0,0,0
2017/11/29,0,0,0,0,0
2017/11/30,0,0,0,0,0
2017/12/1,0,0,0,0,0
2017/12/2,0,0,0,0,0
2017/12/3,0,0,0,0,0
2017/12/4,0,0,0,0,0
2017/12/5,0,0,0,0,0
2017/12/6,0,0,0,0,0
2017/12/7,0,0,0,0,0
2017/12/8,0.5,0,0,0,0
2017/12/9,0,0,0,0,0
2017/12/10,0,0,0,0,0
2017/12/11,0,0,0,0,0
2017/12/12,0,0,0,0,0
2017/12/13,0,0,0,0,0
2017/12/14,0,0,0,0,0
2017/12/15,0,0,0,0,0
2017/12/16,0,0,0,0,0
2017/12/17,0,0,0,0,0
2017/12/18,0,0,0,0,0
2017/12/19,0,0,0,0,0
2017/12/20,0,0,0,0,0
2017/12/21,0,0,0,0,0
2017/12/22,0,0,0,0,0
2017/12/23,0,0,0,0,0
2017/12/24,53.5,0,âJ,0,0
2017/12/25,1.5,0,ÉNÉäÉXÉ}ÉX,0,0
2017/12/26,0,0,0,0,0
2017/12/27,0,0,0,0,0
2017/12/28,0,0,0,0,0
2017/12/29,0,0,0,0,0
2017/12/30,0,0,0,0,0
2017/12/31,0.5,0,0,0,0
2018/1/1,0,0,0,0,0
2018/1/2,0,0,0,0,0
2018/1/3,0,0,0,0,0
2018/1/4,0,0,0,0,0
2018/1/5,0,0,0,0,0
2018/1/6,0,0,0,0,0
2018/1/7,0,0,0,0,0
2018/1/8,31,0,âJ,0,0
2018/1/9,3.5,0,0,0,0
2018/1/10,0,0,0,0,0
2018/1/11,0,0,0,0,0
2018/1/12,0,0,0,0,0
2018/1/13,0,0,0,0,0
2018/1/14,0,0,0,0,0
2018/1/15,0,0,0,0,0
2018/1/16,0,0,0,0,0
2018/1/17,13.5,0,âJ,0,0
2018/1/18,0,0,0,0,0
2018/1/19,0,0,0,0,0
2018/1/20,0,0,0,0,0
2018/1/21,0,0,0,0,0
2018/1/22,16.5,0,âJ,0,0
2018/1/23,0,0,0,0,0
2018/1/24,0,0,0,0,0
2018/1/25,0,0,0,0,0
2018/1/26,1,0,0,0,0
2018/1/27,0,0,0,0,0
2018/1/28,0,0,0,0,0
2018/1/29,0,0,0,0,0
2018/1/30,0,0,0,0,0
2018/1/31,0,0,0,0,0
2018/2/1,8,0,0,0,0
2018/2/2,0.5,0,0,0,0
2018/2/3,1,0,0,0,0
2018/2/4,0,0,0,0,0
2018/2/5,0,0,0,0,0
2018/2/6,0,0,0,0,0
2018/2/7,0,0,0,0,0
2018/2/8,0,0,0,0,0
2018/2/9,0,0,0,0,0
2018/2/10,2,0,0,0,0
2018/2/11,0.5,0,0,0,0
2018/2/12,0,0,0,0,0
2018/2/13,0,0,0,0,0
2018/2/14,0,0,0,0,0
2018/2/15,0,0,0,0,0
2018/2/16,0,0,0,0,0
2018/2/17,0,0,0,0,0
2018/2/18,0,0,0,0,0
2018/2/19,0,0,0,0,0
2018/2/20,0,0,0,0,0
2018/2/21,0,0,0,0,0
2018/2/22,0,0,0,0,0
2018/2/23,0,0,0,0,0
2018/2/24,0,0,0,0,0
2018/2/25,0,0,0,0,0
2018/2/26,0,0,0,0,0
2018/2/27,0,0,0,0,0
2018/2/28,14,0,âJ,0,0
2018/3/1,40,0,âJ,0,0
2018/3/2,0,0,0,0,0
2018/3/3,0,0,0,0,0
2018/3/4,0,0,0,0,0
2018/3/5,31.5,0,âJ,0,0
2018/3/6,0,0,0,0,0
2018/3/7,0,0,0,0,0
2018/3/8,103,0,âJ,0,0
2018/3/9,15,0,âJ,0,0
2018/3/10,0,0,0,0,0
2018/3/11,0,0,0,0,0
2018/3/12,0,0,0,0,0
2018/3/13,0,0,0,0,0
2018/3/14,0,0,0,0,0
2018/3/15,0,0,0,0,0
2018/3/16,3.5,0,0,0,0
2018/3/17,0,0,0,0,0
2018/3/18,0,0,0,0,0
2018/3/19,7,0,0,0,0
2018/3/20,23.5,0,âJ,0,0
2018/3/21,56,0,âJ,0,0
2018/3/22,10,0,âJ,0,0
2018/3/23,0,0,0,0,0
2018/3/24,0,0,0,0,0
2018/3/25,0,0,0,0,0
2018/3/26,0,0,0,0,0
2018/3/27,0,0,0,0,0
2018/3/28,0,0,0,0,0
2018/3/29,0,0,0,0,0
2018/3/30,0,0,0,0,0
2018/3/31,0,0,0,0,0
2018/4/1,0,0,0,0,0
2018/4/2,0,0,0,0,0
2018/4/3,0,0,0,0,0
2018/4/4,0,0,0,0,0
2018/4/5,0,0,0,0,0
2018/4/6,6,0,0,0,0
2018/4/7,0,0,0,0,0
2018/4/8,0,0,0,0,0
2018/4/9,0,0,0,0,0
2018/4/10,0,0,0,0,0
2018/4/11,0,0,0,0,0
2018/4/12,0,0,0,0,0
2018/4/13,0,0,0,0,0
2018/4/14,2.5,0,0,0,0
2018/4/15,18.5,0,âJ,0,0
2018/4/16,0,0,0,0,0
2018/4/17,39,0,âJ,0,0
2018/4/18,29,0,âJ,0,0
2018/4/19,0,0,0,0,0
2018/4/20,0,0,0,0,0
2018/4/21,0,0,0,0,0
2018/4/22,0,0,0,0,0
2018/4/23,0,0,0,0,0
2018/4/24,5,0,0,0,0
2018/4/25,38.5,0,âJ,0,0
2018/4/26,0,0,0,0,0
2018/4/27,0,0,0,0,0
2018/4/28,0,0,0,0,0
2018/4/29,0,0,0,0,0
2018/4/30,0,0,0,0,0
2018/5/1,0,0,0,0,0
2018/5/2,21,0,âJ,0,0
2018/5/3,17.5,0,âJ,0,0
2018/5/4,0,0,0,0,0
2018/5/5,0,0,0,0,0
2018/5/6,1.5,0,0,0,0
2018/5/7,31.5,0,âJ,0,0
2018/5/8,24.5,0,âJ,0,0
2018/5/9,19,0,âJ,0,0
2018/5/10,0,0,0,0,0
2018/5/11,0,0,0,0,0
2018/5/12,0,0,0,0,0
2018/5/13,40,0,âJ,0,0
2018/5/14,1,0,0,0,0
2018/5/15,0,0,0,0,0
2018/5/16,0,0,0,0,0
2018/5/17,0,0,0,0,0
2018/5/18,0,0,0,0,0
2018/5/19,15,0,âJ,0,0
2018/5/20,0,0,0,0,0
2018/5/21,0,0,0,0,0
2018/5/22,0,0,0,0,0
2018/5/23,14.5,0,âJ,0,0
2018/5/24,2.5,0,0,0,0
2018/5/25,0,0,0,0,0
2018/5/26,0,0,0,0,0
2018/5/27,0,0,0,0,0
2018/5/28,0,0,0,0,0
2018/5/29,0,0,0,0,0
2018/5/30,26,0,âJ,0,0
2018/5/31,6,0,0,0,0
2018/6/1,0,0,0,0,0
2018/6/2,0,0,0,0,0
2018/6/3,0,0,0,0,0
2018/6/4,0,0,0,0,0
2018/6/5,1,0,0,0,0
2018/6/6,46.5,0,âJ,0,0
2018/6/7,15,0,0,0,0
2018/6/8,5,0,0,0,0
2018/6/9,0.5,0,0,0,0
2018/6/10,10,0,âJ,0,0
2018/6/11,3.5,0,0,0,0
2018/6/12,0,0,0,0,0
2018/6/13,0,0,0,0,0
2018/6/14,0,0,0,0,0
2018/6/15,12,0,âJ,0,0
2018/6/16,0,0,0,0,0
2018/6/17,0,0,0,0,0
2018/6/18,17.5,0,âJ,0,0
2018/6/19,1,0,0,0,0
2018/6/20,83.5,0,âJ,0,0
2018/6/21,0.5,0,0,0,0
2018/6/22,0,0,0,0,0
2018/6/23,20,0,âJ,0,0
2018/6/24,6,0,0,0,0
2018/6/25,0,0,0,0,0
2018/6/26,0,0,0,0,0
2018/6/27,0,0,0,0,0
2018/6/28,0,0,0,0,0
2018/6/29,3.5,0,0,0,0
2018/6/30,0.5,0,0,0,0
2018/7/1,0,0,0,0,0
2018/7/2,0,0,0,0,0
2018/7/3,0,0,0,0,0
2018/7/4,12.5,0,âJ,0,0
2018/7/5,9.5,0,0,0,0
2018/7/6,51,0,âJ,0,0
2018/7/7,20,0,âJ,0,0
2018/7/8,0.5,0,0,0,0
2018/7/9,1.5,3.533920288,0,0,0
2018/7/10,0,-12.07862854,0,0,0
2018/7/11,0,-36.57421875,0,0,0
2018/7/12,0,-31.03030396,0,0,0
2018/7/13,0,-51.2409668,0,0,0
2018/7/14,0,124.9456482,ÉCÉxÉìÉg,1,3
2018/7/15,0,91.4932251,"ÉCÉxÉìÉg,éOòAãx",1,3
2018/7/16,0,44.93344116,éOòAãx,0,0.5
2018/7/17,0,-179.7179565,éOòAãx,0,0
2018/7/18,0,-75.75743103,0,0,0
2018/7/19,0,-68.87805176,0,0,0
2018/7/20,0,-106.3170776,0,0,0
2018/7/21,0,-5.290405273,0,0,0
2018/7/22,0,-64.74545288,0,0,0
2018/7/23,0,-62.30316162,0,0,0
2018/7/24,0,-77.42828369,0,0,0
2018/7/25,0,-31.62574768,0,0,0
2018/7/26,3,-92.48397827,0,0,0
2018/7/27,0,-9.399200439,0,0,0
2018/7/28,29.5,-160.8323669,âJ,0,0
2018/7/29,77,-120.0880737,âJ,0,0
2018/7/30,4.5,-9.741607666,0,0,0
2018/7/31,0,-117.8579102,0,0,0
2018/8/1,0,53.32795715,0,0,0
2018/8/2,0,-59.60876465,0,0,0
2018/8/3,0,-40.96090698,0,0,0
2018/8/4,0,-4.06652832,0,0,0
2018/8/5,0,-16.64093018,0,0,0
2018/8/6,0,-36.39468384,0,0,0
2018/8/7,64,-62.47463989,âJ,0,0
2018/8/8,0,824.4098206,0,0,0
2018/8/9,0,-176.0368042,0,0,0
2018/8/10,0,-43.23712158,0,0,0
2018/8/11,0,-32.2722168,0,0,0
2018/8/12,0,-38.6930542,0,0,0
2018/8/13,0,147.3852844,Ç®ñ~,0,2
2018/8/14,0,15.40167236,Ç®ñ~,0,0
2018/8/15,16.5,1.161499023,"Ç®ñ~,âJ",0,0
2018/8/16,2,-4.675231934,0,0,0
2018/8/17,0,-23.13641357,0,0,0
2018/8/18,0,-150.5185547,0,0,0
2018/8/19,0,-104.0247803,0,0,0
2018/8/20,8.5,66.53833008,0,0,0
2018/8/21,50,-14.7789917,âJ,0,0
2018/8/22,2,-0.108276367,0,0,0
2018/8/23,76.5,-148.2880249,âJ,0,0
2018/8/24,23,-104.9075317,âJ,0,0
2018/8/25,0,51.0925293,0,0,0
2018/8/26,0,-29.98913574,0,0,0
2018/8/27,0,-15.53491211,0,0,0
2018/8/28,15,-3.592407227,âJ,0,0
2018/8/29,3,14.62548828,0,0,0
2018/8/30,0,22.01489258,0,0,0
2018/8/31,0.5,-87.16897583,0,0,0
2018/9/1,12,15.23141479,âJ,0,0
2018/9/2,2.5,-21.37460327,0,0,0
2018/9/3,12,34.73497009,âJ,0,0
2018/9/4,181.5,49.22389221,âJ,0,0
2018/9/5,0,-41.55310059,0,0,0
2018/9/6,2.5,-55.74136353,0,0,0
2018/9/7,4.5,-30.0647583,0,0,0
2018/9/8,5.5,34.05783081,0,0,0
2018/9/9,3,24.83706665,0,0,0
2018/9/10,72,-55.72354126,âJ,0,0
2018/9/11,3.5,57.87704468,0,0,0
2018/9/12,2.5,21.02255249,0,0,0
2018/9/13,0.5,8.161392212,0,0,0
2018/9/14,6,-50.81964111,0,0,0
2018/9/15,0.5,174.0094604,éOòAãx,1,3
2018/9/16,0,131.0099792,éOòAãx,1,3
2018/9/17,0,153.1873169,éOòAãx,0.5,0.5
2018/9/18,0,-25.73345947,0,0,0
2018/9/19,0,-10.23130798,0,0,0
2018/9/20,47,-39.12208557,âJ,0,0
2018/9/21,11,-116.1765442,âJ,0,0
2018/9/22,7.5,132.7110901,éOòAãx,1,3
2018/9/23,0,230.5994873,éOòAãx,1,3
2018/9/24,0,35.87310791,éOòAãx,0.5,0.5
2018/9/25,6.5,-48.54226685,0,0,0
2018/9/26,37.5,-1.903762817,0,0,0
2018/9/27,16,-121.7601013,0,0,0
2018/9/28,0,-74.11761475,0,0,0
2018/9/29,89.5,-77.36651611,0,0,0
2018/9/30,144.5,-313.6004028,ë‰ïó,-1,-3
2018/10/1,0,-24.11187744,0,0,0
2018/10/2,0,8.679359436,0,0,0
2018/10/3,0,103.2201538,0,0,0
2018/10/4,22,-76.43240356,0,0,0
2018/10/5,10.5,-43.34288025,0,0,0
2018/10/6,23,113.681427,éOòAãx,1,3
2018/10/7,0,59.56640625,éOòAãx,1,3
2018/10/8,0,-56.70822144,éOòAãx,0.5,0.5
2018/10/9,0,-94.39733887,0,0,0
2018/10/10,0.5,5.081298828,0,0,0
2018/10/11,0,-90.40596008,âJ,-0.5,-2
2018/10/12,0,-37.32048035,0,0,0
2018/10/13,1,101.3279419,0,0,0
2018/10/14,5,27.25973511,0,0,0
2018/10/15,6.5,47.89190674,0,0,0
2018/10/16,1.5,15.46228027,0,0,0
2018/10/17,0,12.38127136,0,0,0
2018/10/18,0,18.88702393,0,0,0
2018/10/19,1,-100.9891968,0,0,0
2018/10/20,0,108.3557434,0,0,0
2018/10/21,0,16.25958252,0,0,0
2018/10/22,0,49.33456421,0,0,0
2018/10/23,0.5,38.97227478,0,0,0
2018/10/24,1,-8.549911499,0,0,0
2018/10/25,0,-0.685974121,0,0,0
2018/10/26,1,-41.42489624,0,0,0
2018/10/27,0.5,50.41717529,0,0,0
2018/10/28,0,-33.71408081,0,0,0
2018/10/29,0,-17.443573,0,0,0
2018/10/30,0,-26.79414368,0,0,0
2018/10/31,0,-57.12139893,0,0,0
2018/11/1,0,37.3082428,0,0,0
2018/11/2,0,-26.96191406,0,0,0
2018/11/3,0,141.7593079,0,0,0
2018/11/4,10,-59.17016602,0,0,0
2018/11/5,4,-28.86590576,0,0,0
2018/11/6,48,-18.70652771,0,0,0
2018/11/7,0,3.101119995,0,0,0
2018/11/8,0,12.07704163,0,0,0
2018/11/9,14,-51.89326477,âJ,-0.5,-2
2018/11/10,0,150.2672424,0,0,0
2018/11/11,0,50.55459595,0,0,0
2018/11/12,0,26.89825439,0,0,0
2018/11/13,0.5,41.5443573,0,0,0
2018/11/14,0,66.99913025,0,0,0
2018/11/15,0,-39.8939209,0,0,0
2018/11/16,0,3.675689697,0,0,0
2018/11/17,0,125.0167847,0,0,0
2018/11/18,0,-5.718200684,0,0,0
2018/11/19,1.5,-21.48937988,0,0,0
2018/11/20,0,34.33146667,0,0,0
2018/11/21,0,29.87915039,0,0,0
2018/11/22,1,65.24510193,0,0,0
2018/11/23,0,52.55331421,éOòAãx,1,3
2018/11/24,0,-62.38696289,éOòAãx,1,3
2018/11/25,0,-204.5137329,éOòAãx,0.5,0.5
2018/11/26,0,-42.59350586,0,0,0
2018/11/27,0,49.51000977,0,0,0
2018/11/28,3.5,-69.91220093,0,0,0
2018/11/29,0,-65.51727295,0,0,0
2018/11/30,0,-21.48498535,0,0,0
2018/12/1,0,98.35479736,0,0,0
2018/12/2,0,-45.88790894,0,0,0
2018/12/3,2,-17.81010437,0,0,0
2018/12/4,2.5,20.22070313,0,0,0
2018/12/5,0.5,50.98629761,0,0,0
2018/12/6,1,-44.55319214,0,0,0
2018/12/7,0,10.77659607,0,0,0
2018/12/8,0,107.2332153,0,0,0
2018/12/9,0,3.224639893,0,0,0
2018/12/10,0,-0.705215454,0,0,0
2018/12/11,3,-2.49256897,0,0,0
2018/12/12,14,72.2301178,0,0,0
2018/12/13,0,-13.58776855,0,0,0
2018/12/14,0,-74.83174133,0,0,0
2018/12/15,0,122.1949158,0,0,0
2018/12/16,3,12.49307251,0,0,0
2018/12/17,11.5,62.10641479,0,0,0
2018/12/18,0,17.06369019,0,0,0
2018/12/19,0,7.292480469,0,0,0
2018/12/20,0,-9.684204102,0,0,0
2018/12/21,1.5,-114.3707581,0,0,0
2018/12/22,26,132.0219727,0,0,0
2018/12/23,0,100.3702698,0,0,0
2018/12/24,0,8.43927002,0,0,0
2018/12/25,0,-51.43069458,ÉNÉäÉXÉ}ÉX,0,0
2018/12/26,0,72.27108765,0,0,0
2018/12/27,0,-64.25363159,0,0,0
2018/12/28,0,17.12808228,0,0,0
2018/12/29,0,7.038116455,0,0,0
2018/12/30,0,120.7857666,0,0,0
2018/12/31,0,-117.9609985,ëÂäAì˙,0,0
2019/1/1,0,273.3363647,å≥ì˙,1,3
2019/1/2,0,132.7338257,0,0,0
2019/1/3,0,86.80755615,0,0,0
2019/1/4,0,59.65625,0,0,0
2019/1/5,0,-94.77038574,0,0,0
2019/1/6,0,-145.0639038,0,0,0
2019/1/7,0,-117.2679443,0,0,0
2019/1/8,0,-72.86157227,0,0,0
2019/1/9,0,-29.02249146,0,0,0
2019/1/10,0,-84.61035156,0,0,0
2019/1/11,0,-54.06430054,0,0,0
2019/1/12,0,-36.35229492,éOòAãx,1,3
2019/1/13,0,54.38867188,éOòAãx,1,3
2019/1/14,0,-68.34014893,éOòAãx,0.5,0.5
2019/1/15,0,-61.08731079,0,0,0
2019/1/16,0,93.50201416,0,0,0
2019/1/17,0,-36.12353516,0,0,0
2019/1/18,0,-30.29074097,0,0,0
2019/1/19,0,140.8147583,0,0,0
2019/1/20,0,10.06994629,0,0,0
2019/1/21,0,95.40803528,0,0,0
2019/1/22,0,127.4104309,0,0,0
2019/1/23,0,66.51721191,0,0,0
2019/1/24,0,19.37931824,0,0,0
2019/1/25,0,10.15209961,0,0,0
2019/1/26,1,91.53451538,0,0,0
2019/1/27,0.5,28.18664551,0,0,0
2019/1/28,0,-13.79681396,0,0,0
2019/1/29,0,108.6294708,0,0,0
2019/1/30,0,4.290390015,0,0,0
2019/1/31,20,-39.62536621,âJ,-0.5,-2
2019/2/1,0,-79.98716736,0,0,0
2019/2/2,0,58.7093811,0,0,0
2019/2/3,0,-63.50601196,0,0,0
2019/2/4,4,29.42546082,0,0,0
2019/2/5,0,-7.49206543,0,0,0
2019/2/6,14.5,-47.22567749,âJ,0,0
2019/2/7,0,6.898727417,0,0,0
2019/2/8,0,-98.943573,0,0,0
2019/2/9,0,-68.0072937,éOòAãx,1,3
2019/2/10,0,-70.46643066,éOòAãx,1,3
2019/2/11,0,-80.32531738,éOòAãx,0.5,0.5
2019/2/12,0,-120.6956482,0,0,0
2019/2/13,0,6.690475464,0,0,0
2019/2/14,0,-57.92756653,0,0,0
2019/2/15,0,-97.66751099,0,0,0
2019/2/16,0,44.60476685,0,0,0
2019/2/17,0,60.23059082,0,0,0
2019/2/18,0,-23.16693115,0,0,0
2019/2/19,14.5,-35.45733643,âJ,0,0
2019/2/20,0,48.46560669,0,0,0
2019/2/21,0,-7.098907471,0,0,0
2019/2/22,0,-56.33569336,0,0,0
2019/2/23,0,-5.345916748,0,0,0
2019/2/24,0,-4.537322998,0,0,0
2019/2/25,0,-44.70077515,0,0,0
2019/2/26,0,6.939971924,0,0,0
2019/2/27,0,48.85375977,0,0,0
2019/2/28,32,-92.93304443,âJ,0,0
2019/3/1,0,-103.206955,0,0,0
2019/3/2,0,104.0067749,0,0,0
2019/3/3,4,-79.32958984,âJ,-0.5,-2
2019/3/4,15,57.68086243,âJ,0,0
2019/3/5,0,58.10873413,0,0,0
2019/3/6,17,51.88606262,âJ,0,0
2019/3/7,4.5,7.644699097,0,0,0
2019/3/8,0,-12.21784973,0,0,0
2019/3/9,0,110.811615,0,0,0
2019/3/10,32.5,-75.15768433,âJ,0,0
2019/3/11,20.5,50.16777039,âJ,0,0
2019/3/12,0,49.65286255,0,0,0
2019/3/13,0,33.15504456,0,0,0
2019/3/14,0,-30.86987305,0,0,0
2019/3/15,0,-82.29415894,0,0,0
2019/3/16,0,68.85803223,0,0,0
2019/3/17,0.5,-57.87304688,0,0,0
2019/3/18,0,-54.5267334,0,0,0
2019/3/19,3,-1.213134766,0,0,0
2019/3/20,0,41.56259155,0,0,0
2019/3/21,0,-14.0838623,0,0,0
2019/3/22,0,-38.97564697,0,0,0
2019/3/23,0,-9.481170654,0,0,0
2019/3/24,0,-97.05517578,0,0,0
2019/3/25,0,-23.57125854,0,0,0
2019/3/26,0,-43.82507324,0,0,0
2019/3/27,0,9.745452881,0,0,0
2019/3/28,0,-1.45715332,0,0,0
2019/3/29,0,-150.3551636,0,0,0
2019/3/30,1,39.56259155,0,0,0
2019/3/31,1,-48.85974121,0,0,0
2019/4/1,0,-61.53381348,0,0,0
2019/4/2,0,14.14355469,0,0,0
2019/4/3,0,14.43231201,0,0,0
2019/4/4,0,-130.3986206,0,0,0
2019/4/5,0,-90.02850342,0,0,0
2019/4/6,0,19.76647949,0,0,0
2019/4/7,0,3.43081665,0,0,0
2019/4/8,5.5,-21.94398499,0,0,0
2019/4/9,0,53.67883301,0,0,0
2019/4/10,38.5,-84.01855469,âJ,0,0
2019/4/11,0,22.15977478,0,0,0
2019/4/12,0,-101.2419739,0,0,0
2019/4/13,0,37.48242188,0,0,0
2019/4/14,9.5,-97.41125488,0,0,0
2019/4/15,2,50.66551208,0,0,0
2019/4/16,0,41.1796875,0,0,0
2019/4/17,11,40.86146545,âJ,0,0
2019/4/18,0,-25.49909973,0,0,0
2019/4/19,0,-12.49041748,0,0,0
2019/4/20,0,47.4385376,0,0,0
2019/4/21,0,-24.50708008,0,0,0
2019/4/22,0,-2.79473877,0,0,0
2019/4/23,0,-44.08821106,0,0,0
2019/4/24,29.5,-29.00263977,âJ,0,0
2019/4/25,1,-50.54949951,0,0,0
2019/4/26,2.5,-68.14785767,0,0,0
2019/4/27,0.5,87.02749634,GW,0.3,0.3
2019/4/28,0,15.47503662,GW,0.3,0.3
2019/4/29,13,-70.21691895,"GW,âJ",0.3,0.3
2019/4/30,41,-55.39904785,"GW,âJ",-0.5,-2
2019/5/1,4.5,60.97973633,GW,0.3,0.3
2019/5/2,0,-81.44268799,GW,0.3,0.3
2019/5/3,0,-46.54241943,GW,0.3,0.3
2019/5/4,0,47.53826904,GW,0.3,0.3
2019/5/5,0,-55.75708008,GW,0.3,0.3
2019/5/6,3,-177.899231,0,0,0
2019/5/7,0,107.9429626,0,0,0
2019/5/8,0,127.5795441,0,0,0
2019/5/9,0,93.82363892,0,0,0
2019/5/10,0,-157.1280823,0,0,0
2019/5/11,0,-78.6350708,0,0,0
2019/5/12,0,-30.63424683,0,0,0
2019/5/13,0,-37.22120667,0,0,0
2019/5/14,21.5,-18.24502563,0,0,0
2019/5/15,0,49.36018372,0,0,0
2019/5/16,0,-34.12785339,0,0,0
2019/5/17,0,-90.71243286,0,0,0
2019/5/18,4.5,62.1546936,0,0,0
2019/5/19,0,101.7929993,âJ,-0.5,-2
2019/5/20,28,22.32150269,âJ,-0.5,-2
2019/5/21,100,-56.37501526,0,0,0
2019/5/22,0,7.765289307,0,0,0
2019/5/23,0,-30.77157593,0,0,0
2019/5/24,0,-87.4090271,0,0,0
2019/5/25,0,43.58630371,0,0,0
2019/5/26,0,-17.98318481,0,0,0
2019/5/27,0,41.5710907,0,0,0
2019/5/28,24,-11.13842773,âJ,0,0
2019/5/29,0,26.83329773,0,0,0
2019/5/30,0,22.62367249,âJ,-0.5,-2
2019/5/31,0,-116.0613098,0,0,0
2019/6/1,0,51.34091187,0,0,0
2019/6/2,3.5,-41.99572754,0,0,0
2019/6/3,1.5,9.917449951,0,0,0
2019/6/4,0,-4.604629517,0,0,0
2019/6/5,1,-15.6272583,0,0,0
2019/6/6,0,63.46101379,âJ,-0.5,-2
2019/6/7,36.5,-82.89143372,âJ,-0.5,-2
2019/6/8,1,105.9289856,0,0,0
2019/6/9,4,-114.8033142,0,0,0
2019/6/10,3.5,38.48641968,0,0,0
2019/6/11,4.5,-33.74917603,0,0,0
2019/6/12,0,38.52853394,0,0,0
2019/6/13,0,-48.99179077,0,0,0
2019/6/14,26,-47.24241638,0,0,0
2019/6/15,38,-6.883972168,0,0,0
2019/6/16,0,67.84362793,0,0,0
2019/6/17,0,14.20397949,0,0,0
2019/6/18,0,1.334381104,0,0,0
2019/6/19,0,-30.32455444,0,0,0
2019/6/20,0,-42.29673767,0,0,0
2019/6/21,0,16.77212524,0,0,0
2019/6/22,2,72.3949585,0,0,0
2019/6/23,3.5,-1.823638916,0,0,0
2019/6/24,4,-31.1546936,0,0,0
2019/6/25,0,8.003890991,0,0,0
2019/6/26,0,19.63563538,0,0,0
2019/6/27,31,-69.71240234,âJ,0,0
2019/6/28,2,-26.36039734,0,0,0
2019/6/29,2.5,73.48529053,0,0,0
2019/6/30,14.5,-99.80029297,âJ,0,0
2019/7/1,27,-9.813079834,0,0,0
2019/7/2,3,28.92126465,0,0,0
2019/7/3,3,-2.936836243,âJ,-0.5,-2
2019/7/4,32.5,-10.93054962,âJ,-0.5,-2
2019/7/5,12,-56.70307922,âJ,0,0
2019/7/6,10,-26.91842651,âJ,0,0
2019/7/7,5,-44.78952026,0,0,0
2019/7/8,0,67.76481628,0,0,0
2019/7/9,5,-14.42747498,0,0,0
2019/7/10,0,-8.036636353,0,0,0
2019/7/11,15,-62.22312927,âJ,0,0
2019/7/12,6,19.629776,0,0,0
2019/7/13,18.5,149.9932861,âJ,0,0
2019/7/14,20.5,74.03936768,âJ,0,0
2019/7/15,3,-32.49227905,0,0,0
2019/7/16,23.5,-172.8822327,âJ,0,0
2019/7/17,0.5,-31.50704956,0,0,0
2019/7/18,39,-45.46798706,0,0,0
2019/7/19,19,-100.7162018,âJ,-0.5,-2
2019/7/20,0,35.36416626,0,0,0
2019/7/21,5.5,25.94210815,0,0,0
2019/7/22,15,-52.49438477,0,0,0
2019/7/23,0.5,-68.28590393,0,0,0
2019/7/24,2,-64.31842041,0,0,0
2019/7/25,0,-88.66394043,0,0,0
2019/7/26,23.5,-102.8023376,âJ,0,0
2019/7/27,36.5,-226.1457825,âJ,0,0
2019/7/28,0,-44.09472656,0,0,0
2019/7/29,0,-131.4314575,0,0,0
2019/7/30,8,-113.9966431,0,0,0
2019/7/31,0,-98.34841919,0,0,0
2019/8/1,0,-158.9139709,0,0,0
2019/8/2,0,-82.63037109,0,0,0
2019/8/3,0,-45.86199951,0,0,0
2019/8/4,0,-116.6691284,0,0,0
2019/8/5,0,-27.33703613,0,0,0
2019/8/6,0.5,-114.6031799,0,0,0
2019/8/7,0,-78.91174316,0,0,0
2019/8/8,0,-71.13226318,0,0,0
2019/8/9,0,-46.32427979,0,0,0
2019/8/10,0,-14.3684082,0,0,0
2019/8/11,0,43.29077148,0,0,0
2019/8/12,3,-40.6975708,0,0,0
2019/8/13,0,-129.9902344,Ç®ñ~,0,0
2019/8/14,35,-55.72146606,"Ç®ñ~,âJ",-0.5,-2
2019/8/15,69.5,-215.382019,"Ç®ñ~,ë‰ïó",-1,-3
2019/8/16,17.5,-25.49710083,âJ,0,0
2019/8/17,0,83.34494019,0,0,0
2019/8/18,0,-129.7363892,0,0,0
2019/8/19,7.5,-85.09054565,0,0,0
2019/8/20,1,6.225341797,0,0,0
2019/8/21,4.5,-133.4823914,0,0,0
2019/8/22,7.5,-73.31689453,0,0,0
2019/8/23,36.5,-162.3246155,âJ,0,0
2019/8/24,2,42.68151855,0,0,0
2019/8/25,0,-61.02282715,0,0,0
2019/8/26,0,-159,0,0,0
2019/8/27,6.5,-25.71191406,âJ,-0.5,-2
2019/8/28,7.5,7.020431519,âJ,-0.5,-2
2019/8/29,0,-83.12545776,0,0,0
2019/8/30,14,-69.47869873,âJ,-0.5,-2
2019/8/31,0,-18.74447632,0,0,0
2019/9/1,7,4.479309082,0,0,0
2019/9/2,0,36.8208313,0,0,0
2019/9/3,0,21.723526,0,0,0
2019/9/4,21,-2.395294189,âJ,0,0
2019/9/5,46,-78.72557068,âJ,0,0
2019/9/6,22,-33.97392273,âJ,0,0
2019/9/7,2.5,-48.9083252,0,0,0
2019/9/8,4,0.948455811,0,0,0
2019/9/9,0,24.13894653,0,0,0
2019/9/10,0,42.27232361,0,0,0
2019/9/11,16,39.07453918,âJ,0,0
2019/9/12,0,-33.04553223,0,0,0
2019/9/13,0,-82.0609436,0,0,0
2019/9/14,0,828.7331848,éOòAãx,1,3
2019/9/15,0,-37.59979248,éOòAãx,1,3
2019/9/16,0,-98.13388062,éOòAãx,0.5,0.5
2019/9/17,0,-154.1098633,0,0,0
2019/9/18,13.5,-3.62361145,âJ,0,0
2019/9/19,0,-119.2524414,0,0,0
2019/9/20,1.5,-95.53268433,0,0,0
2019/9/21,3,1.70880127,0,0,0
2019/9/22,11,99.26382446,0,0,0
2019/9/23,2,46.08172607,0,0,0
2019/9/24,0,-41.53570557,0,0,0
2019/9/25,0,-41.07099915,0,0,0
2019/9/26,0.5,-40.82595825,0,0,0
2019/9/27,0.5,-49.81655884,0,0,0
2019/9/28,0,35.24874878,0,0,0
2019/9/29,2,-78.39807129,0,0,0
2019/9/30,0,-18.68162537,0,0,0
2019/10/1,2.5,10.02767944,0,0,0
2019/10/2,0,-76.94659424,0,0,0
2019/10/3,10,-43.41072083,0,0,0
2019/10/4,9.5,-49.724823,0,0,0
2019/10/5,0,-23.30648804,0,0,0
2019/10/6,0,1.5652771,0,0,0
2019/10/7,3,-18.69244385,0,0,0
2019/10/8,2.5,-12.1743927,0,0,0
2019/10/9,0,33.84707642,0,0,0
2019/10/10,0,-23.89477539,0,0,0
2019/10/11,18,-120.552002,âJ,0,0
2019/10/12,234.5,-64.77233124,ë‰ïó,-1,-3
2019/10/13,0,-25.03347778,0,0,0
2019/10/14,1,5.204147339,0,0,0
2019/10/15,0,-22.99398804,0,0,0
2019/10/16,0,27.20625305,0,0,0
2019/10/17,6.5,-39.00802612,0,0,0
2019/10/18,90,5.11730957,âJ,-0.5,-2
2019/10/19,34.5,34.03164673,âJ,0,0
2019/10/20,0,64.26055908,0,0,0
2019/10/21,55,46.52053833,âJ,0,0
2019/10/22,15,-6.583587646,âJ,0,0
2019/10/23,0,-64.82067871,0,0,0
2019/10/24,5.5,-61.9894104,0,0,0
2019/10/25,96,-46.54519653,âJ,0,0
2019/10/26,0,30.60647583,0,0,0
2019/10/27,0,-11.48568726,0,0,0
2019/10/28,0,21.31591797,0,0,0
2019/10/29,20.5,-47.76068115,âJ,0,0
2019/10/30,0,88.28370667,0,0,0
2019/10/31,0,-28.69638062,0,0,0
2019/11/1,0,-101.0107117,0,0,0
2019/11/2,0,-123.9204712,éOòAãx,1,3
2019/11/3,0,-171.6890259,éOòAãx,1,3
2019/11/4,0,-191.9960327,éOòAãx,0.5,0.5
2019/11/5,0,-73.47375488,0,0,0
2019/11/6,0,-18.3651123,0,0,0
2019/11/7,0,-77.57891846,0,0,0
2019/11/8,0,-60.32073975,0,0,0
2019/11/9,0,17.45596313,0,0,0
2019/11/10,0,-63.08679199,0,0,0
2019/11/11,0,10.81417847,0,0,0
2019/11/12,0,-0.383377075,0,0,0
2019/11/13,0,44.53330994,0,0,0
2019/11/14,0.5,-75.77583313,0,0,0
2019/11/15,0,20.20452881,0,0,0
2019/11/16,0,45.77578735,0,0,0
2019/11/17,0,13.10198975,0,0,0
2019/11/18,7,-14.04733276,0,0,0
2019/11/19,0.5,-37.63137817,0,0,0
2019/11/20,0,112.807785,0,0,0
2019/11/21,0,-55.7071991,åí ãKêß,0,-2
2019/11/22,3,-140.7537537,åí ãKêß,0,-2
2019/11/23,0,-161.4243774,åí ãKêß,0,-2
2019/11/24,0.5,115.1646729,0,0,0
2019/11/25,0,-48.47436523,0,0,0
2019/11/26,9,55.85241699,0,0,0
2019/11/27,1,15.14382935,0,0,0
2019/11/28,0,-22.73780823,0,0,0
2019/11/29,0,-54.33068848,0,0,0
2019/11/30,0,93.80477905,0,0,0
2019/12/1,0,-7.254180908,0,0,0
2019/12/2,19.5,-31.69267273,âJ,-0.5,-2
2019/12/3,0,33.80279541,0,0,0
2019/12/4,0,13.94398499,0,0,0
2019/12/5,0,-15.73580933,0,0,0
2019/12/6,0,-37.97377014,0,0,0
2019/12/7,0,45.51342773,0,0,0
2019/12/8,0,-2.478027344,0,0,0
2019/12/9,0,31.22093201,0,0,0
2019/12/10,0,-52.12976074,0,0,0
2019/12/11,0,19.93907166,0,0,0
2019/12/12,0,-20.62141418,0,0,0
2019/12/13,0,-49.81311035,0,0,0
2019/12/14,0,54.85549927,0,0,0
2019/12/15,0,-5.057769775,0,0,0
2019/12/16,0,-5.144989014,0,0,0
2019/12/17,4,15.15893555,0,0,0
2019/12/18,0,68.51087952,0,0,0
2019/12/19,0,18.38696289,0,0,0
2019/12/20,0,-39.24441528,0,0,0
2019/12/21,0,26.18588257,0,0,0
2019/12/22,25,-19.52474976,âJ,0,0
2019/12/23,0,-76.52975464,0,0,0
2019/12/24,0,19.3143158,0,0,0
2019/12/25,0,107.1434326,ÉNÉäÉXÉ}ÉX,0,1
2019/12/26,3,14.04359436,0,0,0
2019/12/27,6,82.5350647,0,0,0
2019/12/28,0,145.3765869,0,0,0
2019/12/29,0,80.00894165,0,0,0
2019/12/30,8.5,-75.60992432,0,0,0
2019/12/31,0.5,-13.59341431,ëÂäAì˙,0,0
2020/1/1,0,359.821167,å≥ì˙,0,3
2020/1/2,0,51.93701172,0,0,0
2020/1/3,0,-108.3143311,0,0,0
2020/1/4,0,-138.7654419,0,0,0
2020/1/5,0,-56.46044922,0,0,0
2020/1/6,0,8.893096924,0,0,0
2020/1/7,0.5,-61.79760742,0,0,0
2020/1/8,19,28.15071106,âJ,0,0
2020/1/9,0,8.96975708,0,0,0
2020/1/10,0,-13.24752808,0,0,0
2020/1/11,0,-109.7941284,éOòAãx,1,3
2020/1/12,0,-132.3947144,éOòAãx,1,3
2020/1/13,0,-41.51251221,éOòAãx,0.5,0.5
2020/1/14,4.5,33.50741577,0,0,0
2020/1/15,1,48.37286377,0,0,0
2020/1/16,0,44.01815796,0,0,0
2020/1/17,10.5,-22.20916748,âJ,0,0
2020/1/18,2,144.4963684,0,0,0
2020/1/19,0,113.9554138,0,0,0
2020/1/20,0,32.54852295,0,0,0
2020/1/21,0,90.60137939,0,0,0
2020/1/22,0,155.8874969,0,0,0
2020/1/23,16,-62.65115356,âJ,0,0
2020/1/24,0,47.97692871,0,0,0
2020/1/25,0,187.0525818,0,0,0
2020/1/26,9.5,42.62145996,0,0,0
2020/1/27,12,-43.48916626,0,0,0
2020/1/28,42.5,1.516845703,âJ,0,0
2020/1/29,0,114.1946716,0,0,0
2020/1/30,0,15.97625732,0,0,0
2020/1/31,0,-56.99835205,0,0,0
2020/2/1,0,149.7246094,0,0,0
2020/2/2,0,98.40344238,0,0,0
2020/2/3,0,-66.89297485,0,0,0
2020/2/4,0,120.8993073,0,0,0
2020/2/5,0,41.82827759,0,0,0
2020/2/6,0,-10.59762573,0,0,0
2020/2/7,0,-58.36740112,0,0,0
2020/2/8,0,132.2652283,0,0,0
2020/2/9,0,166.3322449,0,0,0
2020/2/10,0,68.5333252,0,0,0
2020/2/11,0,126.209198,èjì˙,0,1
2020/2/12,1,10.61349487,0,0,0
2020/2/13,7,-17.0630188,0,0,0
2020/2/14,1.5,-91.88336182,0,0,0
2020/2/15,0,96.2199707,0,0,0
2020/2/16,9,-21.38937378,0,0,0
2020/2/17,0,20.9927063,0,0,0
2020/2/18,0,33.21102905,0,0,0
2020/2/19,0,18.86759949,0,0,0
2020/2/20,0,-14.91439819,0,0,0
2020/2/21,0,-34.390625,0,0,0
2020/2/22,4.5,-72.47296143,éOòAãx,1,3
2020/2/23,0,-45.85272217,éOòAãx,1,3
2020/2/24,0,-91.85223389,éOòAãx,0.5,0.5
2020/2/25,0.5,-118.0534668,0,0,0
2020/2/26,3,-28.23468018,0,0,0
2020/2/27,0,-6.392700195,0,0,0
2020/2/28,0,-136.3861237,0,0,0
2020/2/29,23,12.78529358,âJ,-0.5,-2
2020/3/1,0,-91.97616577,0,0,0
2020/3/2,0.5,-24.59919739,0,0,0
2020/3/3,0,13.03871155,0,0,0
2020/3/4,17,27.27142334,âJ,0,0
2020/3/5,0,30.74562073,0,0,0
2020/3/6,0.5,-42.99926758,0,0,0
2020/3/7,0,8.011016846,0,0,0
2020/3/8,61,38.5838623,âJ,-0.5,-2
2020/3/9,0,53.07785034,0,0,0
2020/3/10,17.5,5.385620117,âJ,0,0
2020/3/11,0,129.4274673,0,0,0
2020/3/12,0,15.83488464,0,0,0
2020/3/13,0,-20.9437561,0,0,0
2020/3/14,11,-20.67050171,âJ,0,0
2020/3/15,0,3.74206543,0,0,0
2020/3/16,0,55.99685669,0,0,0
2020/3/17,0,64.00158691,0,0,0
2020/3/18,0,89.91168213,0,0,0
2020/3/19,0,89.6907196,0,0,0
2020/3/20,0,-15.71560669,éOòAãx,1,3
2020/3/21,0,-60.63372803,éOòAãx,1,3
2020/3/22,0,-118.2814941,éOòAãx,0.5,0.5
2020/3/23,0,-61.3747406,0,0,0
2020/3/24,0,41.44967651,0,0,0
2020/3/25,0,51.52111816,0,0,0
2020/3/26,0,57.5178833,0,0,0
2020/3/27,2,4.033050537,0,0,0
2020/3/28,12,64.46652222,âJ,-0.5,-2
2020/3/29,23.5,40.56469727,âJ,-0.5,-2
2020/3/30,10.5,0,0,0,0
2020/3/31,9,0,0,0,0
2020/4/1,32.5,0,0,0,0