date,salesTotal,CustNum,kankou,tabelog,day1_sales,day1_kankou,day1_tabelog,event_impact,GW,お盆,イベント,クリスマス,三連休,交通規制,元日,台風,大晦日,祝日,雨
2017-07-08,743628.0,334.0,3979.0,932.0,,2146.0,,0,0,0,0,0,0,0,0,0,0,0,0
2017-07-09,888732.0,393.0,2146.0,769.0,743628.0,1418.0,932.0,0,0,0,0,0,0,0,0,0,0,0,0
2017-07-10,441044.0,220.0,1418.0,602.0,888732.0,1611.0,769.0,0,0,0,0,0,0,0,0,0,0,0,0
2017-07-11,413247.0,196.0,1611.0,780.0,441044.0,1646.0,602.0,0,0,0,0,0,0,0,0,0,0,0,0
2017-07-12,347005.0,152.0,1646.0,841.0,413247.0,1678.0,780.0,-5,0,0,0,0,0,0,0,0,0,0,1
2017-07-13,542924.0,226.0,1678.0,683.0,347005.0,2396.0,841.0,0,0,0,0,0,0,0,0,0,0,0,0
2017-07-14,400823.0,172.0,2396.0,811.0,542924.0,6856.0,683.0,-5,0,0,0,0,0,0,0,0,0,0,1
2017-07-15,933660.0,381.0,6856.0,872.0,400823.0,7087.0,811.0,0,0,0,0,0,0,0,0,0,0,0,0
2017-07-16,1383264.0,633.0,7087.0,1278.0,933660.0,3486.0,872.0,0,0,0,0,0,0,0,0,0,0,0,0
2017-07-17,947282.0,374.0,3486.0,1125.0,1383264.0,1820.0,1278.0,0,0,0,0,0,0,0,0,0,0,0,0
2017-07-18,365528.0,149.0,1820.0,582.0,947282.0,2027.0,1125.0,0,0,0,0,0,0,0,0,0,0,0,0
2017-07-19,405582.0,198.0,2027.0,547.0,365528.0,2717.0,582.0,0,0,0,0,0,0,0,0,0,0,0,0
2017-07-20,512601.0,236.0,2717.0,734.0,405582.0,5703.0,547.0,0,0,0,0,0,0,0,0,0,0,0,0
2017-07-21,329581.0,148.0,5703.0,369.0,512601.0,6446.0,734.0,0,0,0,0,0,0,0,0,0,0,0,0
2017-07-22,759115.0,297.0,6446.0,704.0,329581.0,5458.0,369.0,0,0,0,0,0,0,0,0,0,0,0,0
2017-07-23,844032.0,308.0,5458.0,511.0,759115.0,5183.0,704.0,0,0,0,0,0,0,0,0,0,0,0,0
2017-07-24,372862.0,191.0,5183.0,518.0,844032.0,4111.0,511.0,0,0,0,0,0,0,0,0,0,0,0,0
2017-07-25,402630.0,179.0,4111.0,445.0,372862.0,4332.0,518.0,-5,0,0,0,0,0,0,0,0,0,0,1
2017-07-26,435700.0,212.0,4332.0,485.0,402630.0,4971.0,445.0,-5,0,0,0,0,0,0,0,0,0,0,1
2017-07-27,454690.0,206.0,4971.0,483.0,435700.0,8372.0,485.0,0,0,0,0,0,0,0,0,0,0,0,0
2017-07-28,567610.0,277.0,8372.0,535.0,454690.0,9646.0,483.0,0,0,0,0,0,0,0,0,0,0,0,0
2017-07-29,600850.0,269.0,9646.0,797.0,567610.0,6710.0,535.0,0,0,0,0,0,0,0,0,0,0,0,0
2017-07-30,914700.0,411.0,6710.0,732.0,600850.0,4628.0,797.0,0,0,0,0,0,0,0,0,0,0,0,0
2017-07-31,587630.0,283.0,4628.0,528.0,914700.0,4628.0,732.0,0,0,0,0,0,0,0,0,0,0,0,0
2017-08-01,661830.0,318.0,4628.0,1081.0,587630.0,5274.0,528.0,0,0,0,0,0,0,0,0,0,0,0,0
2017-08-02,476570.0,234.0,5274.0,821.0,661830.0,6994.0,1081.0,0,0,0,0,0,0,0,0,0,0,0,0
2017-08-03,524920.0,247.0,6994.0,516.0,476570.0,6772.0,821.0,0,0,0,0,0,0,0,0,0,0,0,0
2017-08-04,526200.0,254.0,6772.0,561.0,524920.0,6447.0,516.0,0,0,0,0,0,0,0,0,0,0,0,0
2017-08-05,669190.0,311.0,6447.0,738.0,526200.0,5288.0,561.0,0,0,0,0,0,0,0,0,0,0,0,0
2017-08-06,900150.0,451.0,5288.0,579.0,669190.0,5288.0,738.0,0,0,0,0,0,0,0,0,0,0,0,0
2017-08-07,532930.0,247.0,5288.0,687.0,900150.0,5311.0,579.0,-5,0,0,0,0,0,0,0,0,0,0,1
2017-08-08,532930.0,247.0,5311.0,736.0,532930.0,6906.0,687.0,0,0,0,0,0,0,0,0,0,0,0,0
2017-08-09,695120.0,310.0,6906.0,831.0,532930.0,9337.0,736.0,0,0,0,0,0,0,0,0,0,0,0,0
2017-08-10,768610.0,392.0,9337.0,723.0,695120.0,10027.0,831.0,0,0,0,0,0,0,0,0,0,0,0,0
2017-08-11,1057680.0,492.0,10027.0,911.0,768610.0,9211.0,723.0,-5,0,0,0,0,0,0,0,0,0,0,1
2017-08-12,1440060.0,576.0,9211.0,1094.0,1057680.0,11263.0,911.0,0,0,0,0,0,0,0,0,0,0,0,0
2017-08-13,1491000.0,645.0,11263.0,905.0,1440060.0,9714.0,1094.0,0,0,0,0,0,0,0,0,0,0,0,0
2017-08-14,1417250.0,564.0,9714.0,1112.0,1491000.0,9538.0,905.0,0,0,0,0,0,0,0,0,0,0,0,0
2017-08-15,1196840.0,462.0,9538.0,671.0,1417250.0,8985.0,1112.0,0,0,0,0,0,0,0,0,0,0,0,0
2017-08-16,991320.0,409.0,8985.0,894.0,1196840.0,8985.0,671.0,0,0,0,0,0,0,0,0,0,0,0,0
2017-08-17,1012910.0,501.0,8985.0,906.0,991320.0,8985.0,894.0,0,0,0,0,0,0,0,0,0,0,0,0
2017-08-18,964930.0,436.0,8985.0,672.0,1012910.0,8331.0,906.0,-5,0,0,0,0,0,0,0,0,0,0,1
2017-08-19,959420.0,464.0,8331.0,700.0,964930.0,8331.0,672.0,0,0,0,0,0,0,0,0,0,0,0,0
2017-08-20,1080640.0,502.0,8331.0,758.0,959420.0,6257.0,700.0,0,0,0,0,0,0,0,0,0,0,0,0
2017-08-21,809640.0,384.0,6257.0,732.0,1080640.0,6328.0,758.0,0,0,0,0,0,0,0,0,0,0,0,0
2017-08-22,740220.0,357.0,6328.0,896.0,809640.0,6328.0,732.0,0,0,0,0,0,0,0,0,0,0,0,0
2017-08-23,983260.0,439.0,6328.0,710.0,740220.0,6328.0,896.0,0,0,0,0,0,0,0,0,0,0,0,0
2017-08-24,458620.0,216.0,6328.0,637.0,983260.0,7513.0,710.0,0,0,0,0,0,0,0,0,0,0,0,0
2017-08-25,658000.0,322.0,7513.0,693.0,458620.0,7513.0,637.0,0,0,0,0,0,0,0,0,0,0,0,0
2017-08-26,888170.0,394.0,7513.0,653.0,658000.0,5986.0,693.0,0,0,0,0,0,0,0,0,0,0,0,0
2017-08-27,1147230.0,532.0,5986.0,998.0,888170.0,4419.0,653.0,0,0,0,0,0,0,0,0,0,0,0,0
2017-08-28,740580.0,335.0,4419.0,741.0,1147230.0,2390.0,998.0,0,0,0,0,0,0,0,0,0,0,0,0
2017-08-29,656970.0,321.0,2390.0,515.0,740580.0,4841.0,741.0,0,0,0,0,0,0,0,0,0,0,0,0
2017-08-30,520090.0,242.0,4841.0,543.0,656970.0,4841.0,515.0,0,0,0,0,0,0,0,0,0,0,0,0
2017-08-31,324530.0,167.0,4841.0,656.0,520090.0,4841.0,543.0,0,0,0,0,0,0,0,0,0,0,0,0
2017-09-01,369780.0,185.0,4841.0,618.0,324530.0,3574.0,656.0,0,0,0,0,0,0,0,0,0,0,0,0
2017-09-02,802820.0,363.0,3574.0,692.0,369780.0,2935.0,618.0,0,0,0,0,0,0,0,0,0,0,0,0
2017-09-03,925300.0,422.0,2935.0,758.0,802820.0,2625.0,692.0,0,0,0,0,0,0,0,0,0,0,0,0
2017-09-04,618280.0,269.0,2625.0,825.0,925300.0,2625.0,758.0,0,0,0,0,0,0,0,0,0,0,0,0
2017-09-05,507287.0,220.0,2625.0,778.0,618280.0,2032.0,825.0,0,0,0,0,0,0,0,0,0,0,0,0
2017-09-06,472050.0,223.0,2032.0,759.0,507287.0,2022.0,778.0,0,0,0,0,0,0,0,0,0,0,0,0
2017-09-07,325660.0,182.0,2022.0,684.0,472050.0,2264.0,759.0,-5,0,0,0,0,0,0,0,0,0,0,1
2017-09-08,554426.0,247.0,2264.0,603.0,325660.0,4295.0,684.0,0,0,0,0,0,0,0,0,0,0,0,0
2017-09-09,885900.0,449.0,4295.0,924.0,554426.0,4085.0,603.0,0,0,0,0,0,0,0,0,0,0,0,0
2017-09-10,1146842.0,495.0,4085.0,1126.0,885900.0,3079.0,924.0,0,0,0,0,0,0,0,0,0,0,0,0
2017-09-11,646056.0,301.0,3079.0,656.0,1146842.0,3046.0,1126.0,0,0,0,0,0,0,0,0,0,0,0,0
2017-09-12,448758.0,211.0,3046.0,765.0,646056.0,2790.0,656.0,-5,0,0,0,0,0,0,0,0,0,0,1
2017-09-13,513267.0,262.0,2790.0,661.0,448758.0,2858.0,765.0,0,0,0,0,0,0,0,0,0,0,0,0
2017-09-14,391162.0,195.0,2858.0,505.0,513267.0,4520.0,661.0,0,0,0,0,0,0,0,0,0,0,0,0
2017-09-15,465332.0,213.0,4520.0,507.0,391162.0,9508.0,505.0,0,0,0,0,0,0,0,0,0,0,0,0
2017-09-16,835744.0,372.0,9508.0,878.0,465332.0,11101.0,507.0,-5,0,0,0,0,0,0,0,0,0,0,1
2017-09-17,721449.0,272.0,11101.0,1015.0,835744.0,6201.0,878.0,-5,0,0,0,0,0,0,0,0,0,0,1
2017-09-18,1161644.0,462.0,6201.0,889.0,721449.0,3573.0,1015.0,0,0,0,0,0,0,0,0,0,0,0,0
2017-09-19,572756.0,255.0,3573.0,1085.0,1161644.0,2190.0,889.0,0,0,0,0,0,0,0,0,0,0,0,0
2017-09-20,672568.0,308.0,2190.0,636.0,572756.0,4361.0,1085.0,0,0,0,0,0,0,0,0,0,0,0,0
2017-09-21,479579.0,232.0,4361.0,713.0,672568.0,5151.0,636.0,0,0,0,0,0,0,0,0,0,0,0,0
2017-09-22,685166.0,298.0,5151.0,835.0,479579.0,6868.0,713.0,-5,0,0,0,0,0,0,0,0,0,0,1
2017-09-23,940748.0,384.0,6868.0,933.0,685166.0,4561.0,835.0,0,0,0,0,0,0,0,0,0,0,0,0
2017-09-24,943478.0,371.0,4561.0,662.0,940748.0,3826.0,933.0,0,0,0,0,0,0,0,0,0,0,0,0
2017-09-25,626317.0,302.0,3826.0,558.0,943478.0,3151.0,662.0,0,0,0,0,0,0,0,0,0,0,0,0
2017-09-26,463321.0,211.0,3151.0,921.0,626317.0,2604.0,558.0,0,0,0,0,0,0,0,0,0,0,0,0
2017-09-27,613888.0,248.0,2604.0,728.0,463321.0,2152.0,921.0,0,0,0,0,0,0,0,0,0,0,0,0
2017-09-28,416287.0,190.0,2152.0,515.0,613888.0,2173.0,728.0,0,0,0,0,0,0,0,0,0,0,0,0
2017-09-29,595492.0,275.0,2173.0,620.0,416287.0,3473.0,515.0,0,0,0,0,0,0,0,0,0,0,0,0
2017-09-30,970089.0,449.0,3473.0,938.0,595492.0,3473.0,620.0,0,0,0,0,0,0,0,0,0,0,0,0
2017-10-01,1094794.0,510.0,3473.0,609.0,970089.0,2123.0,938.0,0,0,0,0,0,0,0,0,0,0,0,0
2017-10-02,483019.0,204.0,2123.0,568.0,1094794.0,2762.0,609.0,-5,0,0,0,0,0,0,0,0,0,0,1
2017-10-03,516353.0,236.0,2762.0,999.0,483019.0,2519.0,568.0,0,0,0,0,0,0,0,0,0,0,0,0
2017-10-04,422818.0,194.0,2519.0,575.0,516353.0,2937.0,999.0,0,0,0,0,0,0,0,0,0,0,0,0
2017-10-05,486118.0,235.0,2937.0,616.0,422818.0,8063.0,575.0,0,0,0,0,0,0,0,0,0,0,0,0
2017-10-06,362068.0,175.0,8063.0,583.0,486118.0,7692.0,616.0,-5,0,0,0,0,0,0,0,0,0,0,1
2017-10-07,807216.0,322.0,7692.0,918.0,362068.0,3433.0,583.0,0,0,0,0,0,0,0,0,0,0,0,0
2017-10-08,1630550.0,626.0,3433.0,1503.0,807216.0,2258.0,918.0,0,0,0,0,0,0,0,0,0,0,0,0
2017-10-09,1130059.0,489.0,2258.0,736.0,1630550.0,2306.0,1503.0,0,0,0,0,0,0,0,0,0,0,0,0
2017-10-10,553193.0,276.0,2306.0,740.0,1130059.0,2439.0,736.0,0,0,0,0,0,0,0,0,0,0,0,0
2017-10-11,558620.0,291.0,2439.0,734.0,553193.0,3263.0,740.0,0,0,0,0,0,0,0,0,0,0,0,0
2017-10-12,415362.0,190.0,3263.0,666.0,558620.0,3909.0,734.0,0,0,0,0,0,0,0,0,0,0,0,0
2017-10-13,479628.0,206.0,3909.0,596.0,415362.0,5926.0,666.0,0,0,0,0,0,0,0,0,0,0,0,0
2017-10-14,934315.0,414.0,5926.0,760.0,479628.0,5106.0,596.0,0,0,0,0,0,0,0,0,0,0,0,0
2017-10-15,972620.0,402.0,5106.0,767.0,934315.0,2835.0,760.0,-5,0,0,0,0,0,0,0,0,0,0,1
2017-10-16,765159.0,346.0,2835.0,612.0,972620.0,2692.0,767.0,-5,0,0,0,0,0,0,0,0,0,0,1
2017-10-17,494647.0,225.0,2692.0,567.0,765159.0,2012.0,612.0,-5,0,0,0,0,0,0,0,0,0,0,1
2017-10-18,432457.0,200.0,2012.0,688.0,494647.0,2125.0,567.0,-5,0,0,0,0,0,0,0,0,0,0,1
2017-10-19,346042.0,154.0,2125.0,643.0,432457.0,3615.0,688.0,-5,0,0,0,0,0,0,0,0,0,0,1
2017-10-20,477109.0,193.0,3615.0,473.0,346042.0,7399.0,643.0,0,0,0,0,0,0,0,0,0,0,0,0
2017-10-21,821939.0,339.0,7399.0,725.0,477109.0,4864.0,473.0,0,0,0,0,0,0,0,0,0,0,0,0
2017-10-22,343076.0,126.0,4864.0,625.0,821939.0,3072.0,725.0,-10,0,0,0,0,0,0,0,1,0,0,0
2017-10-23,0.0,0.0,3072.0,503.0,343076.0,3655.0,625.0,-5,0,0,0,0,0,0,0,0,0,0,1
2017-10-24,391513.0,196.0,3655.0,822.0,0.0,4823.0,503.0,0,0,0,0,0,0,0,0,0,0,0,0
2017-10-25,377082.0,172.0,4823.0,569.0,391513.0,2178.0,822.0,-5,0,0,0,0,0,0,0,0,0,0,1
2017-10-26,549514.0,278.0,2178.0,637.0,377082.0,3578.0,569.0,0,0,0,0,0,0,0,0,0,0,0,0
2017-10-27,652402.0,272.0,3578.0,618.0,549514.0,9361.0,637.0,0,0,0,0,0,0,0,0,0,0,0,0
2017-10-28,954509.0,422.0,9361.0,640.0,652402.0,6032.0,618.0,-5,0,0,0,0,0,0,0,0,0,0,1
2017-10-29,813522.0,347.0,6032.0,1101.0,954509.0,3392.0,640.0,-5,0,0,0,0,0,0,0,0,0,0,1
2017-10-30,543986.0,250.0,3392.0,585.0,813522.0,2710.0,1101.0,0,0,0,0,0,0,0,0,0,0,0,0
2017-10-31,312225.0,127.0,2710.0,498.0,543986.0,1564.0,585.0,0,0,0,0,0,0,0,0,0,0,0,0
2017-11-01,422524.0,189.0,1564.0,705.0,312225.0,3250.0,498.0,0,0,0,0,0,0,0,0,0,0,0,0
2017-11-02,538764.0,230.0,3250.0,649.0,422524.0,8162.0,705.0,0,0,0,0,0,0,0,0,0,0,0,0
2017-11-03,1184540.0,482.0,8162.0,1171.0,538764.0,7352.0,649.0,0,0,0,0,0,0,0,0,0,0,0,0
2017-11-04,1582486.0,623.0,7352.0,1281.0,1184540.0,3886.0,1171.0,0,0,0,0,0,0,0,0,0,0,0,0
2017-11-05,808730.0,331.0,3886.0,866.0,1582486.0,1639.0,1281.0,0,0,0,0,0,0,0,0,0,0,0,0
2017-11-06,778394.0,339.0,1639.0,597.0,808730.0,1692.0,866.0,0,0,0,0,0,0,0,0,0,0,0,0
2017-11-07,407552.0,180.0,1692.0,660.0,778394.0,1453.0,597.0,0,0,0,0,0,0,0,0,0,0,0,0
2017-11-08,555504.0,247.0,1453.0,799.0,407552.0,1540.0,660.0,-5,0,0,0,0,0,0,0,0,0,0,1
2017-11-09,417172.0,182.0,1540.0,989.0,555504.0,2976.0,799.0,0,0,0,0,0,0,0,0,0,0,0,0
2017-11-10,623136.0,263.0,2976.0,719.0,417172.0,6708.0,989.0,0,0,0,0,0,0,0,0,0,0,0,0
2017-11-11,927000.0,393.0,6708.0,650.0,623136.0,4330.0,719.0,0,0,0,0,0,0,0,0,0,0,0,0
2017-11-12,1178375.0,497.0,4330.0,820.0,927000.0,2358.0,650.0,0,0,0,0,0,0,0,0,0,0,0,0
2017-11-13,723142.0,346.0,2358.0,650.0,1178375.0,2503.0,820.0,0,0,0,0,0,0,0,0,0,0,0,0
2017-11-14,231274.0,112.0,2503.0,710.0,723142.0,1990.0,650.0,-5,0,0,0,0,0,0,0,0,0,0,1
2017-11-15,454442.0,213.0,1990.0,590.0,231274.0,2450.0,710.0,0,0,0,0,0,0,0,0,0,0,0,0
2017-11-16,528467.0,228.0,2450.0,637.0,454442.0,3741.0,590.0,0,0,0,0,0,0,0,0,0,0,0,0
2017-11-17,525854.0,249.0,3741.0,590.0,528467.0,7560.0,637.0,0,0,0,0,0,0,0,0,0,0,0,0
2017-11-18,902755.0,361.0,7560.0,881.0,525854.0,5772.0,590.0,-5,0,0,0,0,0,0,0,0,0,0,1
2017-11-19,1115824.0,475.0,5772.0,940.0,902755.0,3539.0,881.0,0,0,0,0,0,0,0,0,0,0,0,0
2017-11-20,578070.0,258.0,3539.0,706.0,1115824.0,2744.0,940.0,0,0,0,0,0,0,0,0,0,0,0,0
2017-11-21,606696.0,247.0,2744.0,738.0,578070.0,3499.0,706.0,0,0,0,0,0,0,0,0,0,0,0,0
2017-11-22,547218.0,241.0,3499.0,608.0,606696.0,2734.0,738.0,0,0,0,0,0,0,0,0,0,0,0,0
2017-11-23,899567.0,383.0,2734.0,930.0,547218.0,3680.0,608.0,-5,0,0,0,0,0,0,0,0,0,0,1
2017-11-24,884798.0,392.0,3680.0,823.0,899567.0,7628.0,930.0,0,0,0,0,0,0,0,0,0,0,0,0
2017-11-25,1281194.0,519.0,7628.0,1002.0,884798.0,5210.0,823.0,0,0,0,0,0,0,0,0,0,0,0,0
2017-11-26,1125678.0,468.0,5210.0,870.0,1281194.0,4137.0,1002.0,0,0,0,0,0,0,0,0,0,0,0,0
2017-11-27,628516.0,274.0,4137.0,758.0,1125678.0,3973.0,870.0,0,0,0,0,0,0,0,0,0,0,0,0
2017-11-28,522946.0,214.0,3973.0,528.0,628516.0,2735.0,758.0,0,0,0,0,0,0,0,0,0,0,0,0
2017-11-29,469142.0,197.0,2735.0,537.0,522946.0,1781.0,528.0,0,0,0,0,0,0,0,0,0,0,0,0
2017-11-30,264976.0,113.0,1781.0,738.0,469142.0,2703.0,537.0,0,0,0,0,0,0,0,0,0,0,0,0
2017-12-01,342357.0,157.0,2703.0,680.0,264976.0,4365.0,738.0,0,0,0,0,0,0,0,0,0,0,0,0
2017-12-02,713744.0,314.0,4365.0,729.0,342357.0,3386.0,680.0,0,0,0,0,0,0,0,0,0,0,0,0
2017-12-03,1053184.0,457.0,3386.0,667.0,713744.0,1783.0,729.0,0,0,0,0,0,0,0,0,0,0,0,0
2017-12-04,467272.0,176.0,1783.0,624.0,1053184.0,832.0,667.0,0,0,0,0,0,0,0,0,0,0,0,0
2017-12-05,383030.0,178.0,832.0,435.0,467272.0,696.0,624.0,0,0,0,0,0,0,0,0,0,0,0,0
2017-12-06,395985.0,152.0,696.0,433.0,383030.0,1176.0,435.0,0,0,0,0,0,0,0,0,0,0,0,0
2017-12-07,381182.0,171.0,1176.0,501.0,395985.0,978.0,433.0,0,0,0,0,0,0,0,0,0,0,0,0
2017-12-08,358680.0,151.0,978.0,793.0,381182.0,4881.0,501.0,0,0,0,0,0,0,0,0,0,0,0,0
2017-12-09,922986.0,413.0,4881.0,790.0,358680.0,2506.0,793.0,0,0,0,0,0,0,0,0,0,0,0,0
2017-12-10,974044.0,437.0,2506.0,652.0,922986.0,1218.0,790.0,0,0,0,0,0,0,0,0,0,0,0,0
2017-12-11,467272.0,176.0,1218.0,729.0,974044.0,1553.0,652.0,0,0,0,0,0,0,0,0,0,0,0,0
2017-12-12,383030.0,152.0,1553.0,524.0,467272.0,2141.0,729.0,0,0,0,0,0,0,0,0,0,0,0,0
2017-12-13,488592.0,184.0,2141.0,706.0,383030.0,956.0,524.0,0,0,0,0,0,0,0,0,0,0,0,0
2017-12-14,401176.0,184.0,956.0,533.0,488592.0,942.0,706.0,0,0,0,0,0,0,0,0,0,0,0,0
2017-12-15,365617.0,153.0,942.0,822.0,401176.0,3907.0,533.0,0,0,0,0,0,0,0,0,0,0,0,0
2017-12-16,856844.0,327.0,3907.0,783.0,365617.0,1645.0,822.0,0,0,0,0,0,0,0,0,0,0,0,0
2017-12-17,996294.0,437.0,1645.0,679.0,856844.0,837.0,783.0,0,0,0,0,0,0,0,0,0,0,0,0
2017-12-18,537114.0,230.0,837.0,726.0,996294.0,739.0,679.0,0,0,0,0,0,0,0,0,0,0,0,0
2017-12-19,391560.0,172.0,739.0,598.0,537114.0,592.0,726.0,0,0,0,0,0,0,0,0,0,0,0,0
2017-12-20,352052.0,135.0,592.0,746.0,391560.0,1138.0,598.0,0,0,0,0,0,0,0,0,0,0,0,0
2017-12-21,300760.0,144.0,1138.0,507.0,352052.0,4070.0,746.0,0,0,0,0,0,0,0,0,0,0,0,0
2017-12-22,248542.0,97.0,4070.0,460.0,300760.0,8069.0,507.0,0,0,0,0,0,0,0,0,0,0,0,0
2017-12-23,918998.0,413.0,8069.0,822.0,248542.0,2980.0,460.0,0,0,0,0,0,0,0,0,0,0,0,0
2017-12-24,956014.0,388.0,2980.0,841.0,918998.0,2222.0,822.0,-5,0,0,0,0,0,0,0,0,0,0,1
2017-12-25,477782.0,230.0,2222.0,543.0,956014.0,2566.0,841.0,17,0,0,0,1,0,0,0,0,0,0,0
2017-12-26,541756.0,257.0,2566.0,749.0,477782.0,5280.0,543.0,0,0,0,0,0,0,0,0,0,0,0,0
2017-12-27,646522.0,281.0,5280.0,605.0,541756.0,8254.0,749.0,0,0,0,0,0,0,0,0,0,0,0,0
2017-12-28,747202.0,340.0,8254.0,797.0,646522.0,13415.0,605.0,0,0,0,0,0,0,0,0,0,0,0,0
2017-12-29,1125318.0,443.0,13415.0,627.0,747202.0,13282.0,797.0,0,0,0,0,0,0,0,0,0,0,0,0
2017-12-30,1429349.0,575.0,13282.0,867.0,1125318.0,9004.0,627.0,0,0,0,0,0,0,0,0,0,0,0,0
2017-12-31,1226692.0,487.0,9004.0,619.0,1429349.0,7183.0,867.0,0,0,0,0,0,0,0,0,0,0,0,0
2018-01-01,2864260.0,1025.0,7183.0,646.0,1226692.0,6853.0,619.0,0,0,0,0,0,0,0,0,0,0,0,0
2018-01-02,2749210.0,1002.0,6853.0,981.0,2864260.0,6439.0,646.0,0,0,0,0,0,0,0,0,0,0,0,0
2018-01-03,2227218.0,853.0,6439.0,875.0,2749210.0,4789.0,981.0,0,0,0,0,0,0,0,0,0,0,0,0
2018-01-04,1978910.0,765.0,4789.0,1555.0,2227218.0,3326.0,875.0,0,0,0,0,0,0,0,0,0,0,0,0
2018-01-05,1385594.0,531.0,3326.0,1107.0,1978910.0,3326.0,1555.0,0,0,0,0,0,0,0,0,0,0,0,0
2018-01-06,1556690.0,632.0,3326.0,2267.0,1385594.0,4208.0,1107.0,0,0,0,0,0,0,0,0,0,0,0,0
2018-01-07,2250501.0,883.0,4208.0,1442.0,1556690.0,981.0,2267.0,0,0,0,0,0,0,0,0,0,0,0,0
2018-01-08,961136.0,366.0,981.0,984.0,2250501.0,616.0,1442.0,-5,0,0,0,0,0,0,0,0,0,0,1
2018-01-09,773959.0,305.0,616.0,881.0,961136.0,790.0,984.0,0,0,0,0,0,0,0,0,0,0,0,0
2018-01-10,777736.0,340.0,790.0,940.0,773959.0,904.0,881.0,0,0,0,0,0,0,0,0,0,0,0,0
2018-01-11,946562.0,369.0,904.0,1035.0,777736.0,1128.0,940.0,0,0,0,0,0,0,0,0,0,0,0,0
2018-01-12,693910.0,283.0,1128.0,700.0,946562.0,2663.0,1035.0,0,0,0,0,0,0,0,0,0,0,0,0
2018-01-13,1104710.0,477.0,2663.0,975.0,693910.0,1965.0,700.0,0,0,0,0,0,0,0,0,0,0,0,0
2018-01-14,1248466.0,525.0,1965.0,930.0,1104710.0,1368.0,975.0,0,0,0,0,0,0,0,0,0,0,0,0
2018-01-15,789898.0,373.0,1368.0,821.0,1248466.0,1234.0,930.0,0,0,0,0,0,0,0,0,0,0,0,0
2018-01-16,767706.0,340.0,1234.0,822.0,789898.0,1274.0,821.0,0,0,0,0,0,0,0,0,0,0,0,0
2018-01-17,672770.0,306.0,1274.0,726.0,767706.0,1033.0,822.0,-5,0,0,0,0,0,0,0,0,0,0,1
2018-01-18,888823.0,403.0,1033.0,789.0,672770.0,829.0,726.0,0,0,0,0,0,0,0,0,0,0,0,0
2018-01-19,672204.0,308.0,829.0,777.0,888823.0,1912.0,789.0,0,0,0,0,0,0,0,0,0,0,0,0
2018-01-20,1110287.0,436.0,1912.0,1009.0,672204.0,1694.0,777.0,0,0,0,0,0,0,0,0,0,0,0,0
2018-01-21,1285310.0,512.0,1694.0,1190.0,1110287.0,1220.0,1009.0,0,0,0,0,0,0,0,0,0,0,0,0
2018-01-22,682992.0,282.0,1220.0,831.0,1285310.0,874.0,1190.0,-5,0,0,0,0,0,0,0,0,0,0,1
2018-01-23,867302.0,344.0,874.0,936.0,682992.0,991.0,831.0,0,0,0,0,0,0,0,0,0,0,0,0
2018-01-24,534940.0,245.0,991.0,912.0,867302.0,795.0,936.0,0,0,0,0,0,0,0,0,0,0,0,0
2018-01-25,442790.0,217.0,795.0,642.0,534940.0,1408.0,912.0,0,0,0,0,0,0,0,0,0,0,0,0
2018-01-26,606668.0,251.0,1408.0,856.0,442790.0,3453.0,642.0,0,0,0,0,0,0,0,0,0,0,0,0
2018-01-27,1071260.0,492.0,3453.0,1002.0,606668.0,2632.0,856.0,0,0,0,0,0,0,0,0,0,0,0,0
2018-01-28,1267450.0,489.0,2632.0,1392.0,1071260.0,1577.0,1002.0,0,0,0,0,0,0,0,0,0,0,0,0
2018-01-29,818832.0,354.0,1577.0,772.0,1267450.0,1021.0,1392.0,0,0,0,0,0,0,0,0,0,0,0,0
2018-01-30,683000.0,313.0,1021.0,762.0,818832.0,1392.0,772.0,0,0,0,0,0,0,0,0,0,0,0,0
2018-01-31,699342.0,276.0,1392.0,855.0,683000.0,1374.0,762.0,0,0,0,0,0,0,0,0,0,0,0,0
2018-02-01,536570.0,234.0,1374.0,534.0,699342.0,1045.0,855.0,0,0,0,0,0,0,0,0,0,0,0,0
2018-02-02,485010.0,233.0,1045.0,835.0,536570.0,4869.0,534.0,0,0,0,0,0,0,0,0,0,0,0,0
2018-02-03,1163802.0,434.0,4869.0,1187.0,485010.0,2616.0,835.0,0,0,0,0,0,0,0,0,0,0,0,0
2018-02-04,1096200.0,430.0,2616.0,1131.0,1163802.0,1643.0,1187.0,0,0,0,0,0,0,0,0,0,0,0,0
2018-02-05,646822.0,280.0,1643.0,640.0,1096200.0,837.0,1131.0,0,0,0,0,0,0,0,0,0,0,0,0
2018-02-06,548412.0,255.0,837.0,954.0,646822.0,1219.0,640.0,0,0,0,0,0,0,0,0,0,0,0,0
2018-02-07,492354.0,217.0,1219.0,791.0,548412.0,1110.0,954.0,0,0,0,0,0,0,0,0,0,0,0,0
2018-02-08,569360.0,243.0,1110.0,1163.0,492354.0,2175.0,791.0,0,0,0,0,0,0,0,0,0,0,0,0
2018-02-09,595432.0,253.0,2175.0,903.0,569360.0,7359.0,1163.0,0,0,0,0,0,0,0,0,0,0,0,0
2018-02-10,1083834.0,408.0,7359.0,1375.0,595432.0,4437.0,903.0,0,0,0,0,0,0,0,0,0,0,0,0
2018-02-11,1724827.0,704.0,4437.0,1559.0,1083834.0,2435.0,1375.0,0,0,0,0,0,0,0,0,0,0,0,0
2018-02-12,1204812.0,469.0,2435.0,1191.0,1724827.0,1892.0,1559.0,0,0,0,0,0,0,0,0,0,0,0,0
2018-02-13,723810.0,310.0,1892.0,1363.0,1204812.0,1787.0,1191.0,0,0,0,0,0,0,0,0,0,0,0,0
2018-02-14,671484.0,278.0,1787.0,683.0,723810.0,2056.0,1363.0,0,0,0,0,0,0,0,0,0,0,0,0
2018-02-15,635364.0,250.0,2056.0,906.0,671484.0,2703.0,683.0,0,0,0,0,0,0,0,0,0,0,0,0
2018-02-16,777740.0,322.0,2703.0,786.0,635364.0,7905.0,906.0,0,0,0,0,0,0,0,0,0,0,0,0
2018-02-17,1159461.0,500.0,7905.0,1134.0,777740.0,6103.0,786.0,0,0,0,0,0,0,0,0,0,0,0,0
2018-02-18,1178438.0,532.0,6103.0,1296.0,1159461.0,3534.0,1134.0,0,0,0,0,0,0,0,0,0,0,0,0
2018-02-19,776768.0,353.0,3534.0,1034.0,1178438.0,2847.0,1296.0,0,0,0,0,0,0,0,0,0,0,0,0
2018-02-20,685354.0,277.0,2847.0,755.0,776768.0,2554.0,1034.0,0,0,0,0,0,0,0,0,0,0,0,0
2018-02-21,705712.0,322.0,2554.0,1114.0,685354.0,2146.0,755.0,0,0,0,0,0,0,0,0,0,0,0,0
2018-02-22,462372.0,220.0,2146.0,814.0,705712.0,3584.0,1114.0,0,0,0,0,0,0,0,0,0,0,0,0
2018-02-23,678588.0,292.0,3584.0,700.0,462372.0,6264.0,814.0,0,0,0,0,0,0,0,0,0,0,0,0
2018-02-24,1132556.0,478.0,6264.0,1142.0,678588.0,4291.0,700.0,0,0,0,0,0,0,0,0,0,0,0,0
2018-02-25,1095512.0,450.0,4291.0,993.0,1132556.0,1613.0,1142.0,0,0,0,0,0,0,0,0,0,0,0,0
2018-02-26,704908.0,277.0,1613.0,843.0,1095512.0,1155.0,993.0,0,0,0,0,0,0,0,0,0,0,0,0
2018-02-27,582609.0,274.0,1155.0,666.0,704908.0,1187.0,843.0,0,0,0,0,0,0,0,0,0,0,0,0
2018-02-28,338580.0,156.0,1187.0,794.0,582609.0,2330.0,666.0,-5,0,0,0,0,0,0,0,0,0,0,1
2018-03-01,383030.0,172.0,2330.0,632.0,338580.0,5718.0,794.0,-5,0,0,0,0,0,0,0,0,0,0,1
2018-03-02,456218.0,204.0,5718.0,717.0,383030.0,3350.0,632.0,0,0,0,0,0,0,0,0,0,0,0,0
2018-03-03,1117905.0,453.0,3350.0,1084.0,456218.0,3350.0,717.0,0,0,0,0,0,0,0,0,0,0,0,0
2018-03-04,1132461.0,474.0,3350.0,1001.0,1117905.0,3350.0,1084.0,0,0,0,0,0,0,0,0,0,0,0,0
2018-03-05,545497.0,245.0,3350.0,923.0,1132461.0,2148.0,1001.0,-5,0,0,0,0,0,0,0,0,0,0,1
2018-03-06,470670.0,216.0,2148.0,813.0,545497.0,1747.0,923.0,0,0,0,0,0,0,0,0,0,0,0,0
2018-03-07,728072.0,304.0,1747.0,795.0,470670.0,1581.0,813.0,0,0,0,0,0,0,0,0,0,0,0,0
2018-03-08,534294.0,206.0,1581.0,920.0,728072.0,2970.0,795.0,-5,0,0,0,0,0,0,0,0,0,0,1
2018-03-09,418619.0,182.0,2970.0,976.0,534294.0,7004.0,920.0,-5,0,0,0,0,0,0,0,0,0,0,1
2018-03-10,1175920.0,498.0,7004.0,1012.0,418619.0,3689.0,976.0,0,0,0,0,0,0,0,0,0,0,0,0
2018-03-11,1191010.0,497.0,3689.0,980.0,1175920.0,2083.0,1012.0,0,0,0,0,0,0,0,0,0,0,0,0
2018-03-12,757705.0,331.0,2083.0,875.0,1191010.0,1976.0,980.0,0,0,0,0,0,0,0,0,0,0,0,0
2018-03-13,633906.0,287.0,1976.0,576.0,757705.0,2779.0,875.0,0,0,0,0,0,0,0,0,0,0,0,0
2018-03-14,720762.0,306.0,2779.0,812.0,633906.0,2702.0,576.0,0,0,0,0,0,0,0,0,0,0,0,0
2018-03-15,613300.0,272.0,2702.0,812.0,720762.0,3960.0,812.0,0,0,0,0,0,0,0,0,0,0,0,0
2018-03-16,617900.0,289.0,3960.0,768.0,613300.0,6389.0,812.0,0,0,0,0,0,0,0,0,0,0,0,0
2018-03-17,1145700.0,496.0,6389.0,793.0,617900.0,6762.0,768.0,0,0,0,0,0,0,0,0,0,0,0,0
2018-03-18,1203930.0,505.0,6762.0,931.0,1145700.0,4077.0,793.0,0,0,0,0,0,0,0,0,0,0,0,0
2018-03-19,736870.0,332.0,4077.0,1106.0,1203930.0,2531.0,931.0,0,0,0,0,0,0,0,0,0,0,0,0
2018-03-20,777210.0,319.0,2531.0,849.0,736870.0,2493.0,1106.0,-5,0,0,0,0,0,0,0,0,0,0,1
2018-03-21,800230.0,317.0,2493.0,860.0,777210.0,2658.0,849.0,-5,0,0,0,0,0,0,0,0,0,0,1
2018-03-22,804760.0,343.0,2658.0,994.0,800230.0,4823.0,860.0,-5,0,0,0,0,0,0,0,0,0,0,1
2018-03-23,695130.0,300.0,4823.0,760.0,804760.0,10615.0,994.0,0,0,0,0,0,0,0,0,0,0,0,0
2018-03-24,1129960.0,428.0,10615.0,842.0,695130.0,9694.0,760.0,0,0,0,0,0,0,0,0,0,0,0,0
2018-03-25,1274550.0,530.0,9694.0,907.0,1129960.0,5455.0,842.0,0,0,0,0,0,0,0,0,0,0,0,0
2018-03-26,889090.0,412.0,5455.0,753.0,1274550.0,5878.0,907.0,0,0,0,0,0,0,0,0,0,0,0,0
2018-03-27,744990.0,332.0,5878.0,766.0,889090.0,3179.0,753.0,0,0,0,0,0,0,0,0,0,0,0,0
2018-03-28,853101.0,577.0,3179.0,666.0,744990.0,6074.0,766.0,0,0,0,0,0,0,0,0,0,0,0,0
2018-03-29,870690.0,375.0,6074.0,512.0,853101.0,6261.0,666.0,0,0,0,0,0,0,0,0,0,0,0,0
2018-03-30,895140.0,384.0,6261.0,637.0,870690.0,11303.0,512.0,0,0,0,0,0,0,0,0,0,0,0,0
2018-03-31,1264250.0,546.0,11303.0,549.0,895140.0,9953.0,637.0,0,0,0,0,0,0,0,0,0,0,0,0
2018-04-01,1352990.0,586.0,9953.0,847.0,1264250.0,5153.0,549.0,0,0,0,0,0,0,0,0,0,0,0,0
2018-04-02,840620.0,363.0,5153.0,754.0,1352990.0,4396.0,847.0,0,0,0,0,0,0,0,0,0,0,0,0
2018-04-03,858750.0,355.0,4396.0,580.0,840620.0,3130.0,754.0,0,0,0,0,0,0,0,0,0,0,0,0
2018-04-04,835690.0,366.0,3130.0,754.0,858750.0,1680.0,580.0,0,0,0,0,0,0,0,0,0,0,0,0
2018-04-05,653480.0,261.0,1680.0,501.0,835690.0,2568.0,754.0,0,0,0,0,0,0,0,0,0,0,0,0
2018-04-06,469874.0,199.0,2568.0,472.0,653480.0,3339.0,501.0,0,0,0,0,0,0,0,0,0,0,0,0
2018-04-07,971780.0,385.0,3339.0,510.0,469874.0,2003.0,472.0,0,0,0,0,0,0,0,0,0,0,0,0
2018-04-08,985130.0,404.0,2003.0,894.0,971780.0,1286.0,510.0,0,0,0,0,0,0,0,0,0,0,0,0
2018-04-09,522530.0,227.0,1286.0,640.0,985130.0,2094.0,894.0,0,0,0,0,0,0,0,0,0,0,0,0
2018-04-10,534980.0,215.0,2094.0,636.0,522530.0,2011.0,640.0,0,0,0,0,0,0,0,0,0,0,0,0
2018-04-11,388850.0,147.0,2011.0,612.0,534980.0,1553.0,636.0,0,0,0,0,0,0,0,0,0,0,0,0
2018-04-12,614810.0,214.0,1553.0,493.0,388850.0,1592.0,612.0,0,0,0,0,0,0,0,0,0,0,0,0
2018-04-13,483260.0,214.0,1592.0,629.0,614810.0,5734.0,493.0,0,0,0,0,0,0,0,0,0,0,0,0
2018-04-14,904570.0,391.0,5734.0,722.0,483260.0,2976.0,629.0,0,0,0,0,0,0,0,0,0,0,0,0
2018-04-15,931900.0,390.0,2976.0,870.0,904570.0,1975.0,722.0,-5,0,0,0,0,0,0,0,0,0,0,1
2018-04-16,526050.0,225.0,1975.0,1096.0,931900.0,1595.0,870.0,0,0,0,0,0,0,0,0,0,0,0,0
2018-04-17,572910.0,213.0,1595.0,630.0,526050.0,1394.0,1096.0,-5,0,0,0,0,0,0,0,0,0,0,1
2018-04-18,364240.0,162.0,1394.0,538.0,572910.0,1051.0,630.0,-5,0,0,0,0,0,0,0,0,0,0,1
2018-04-19,449780.0,194.0,1051.0,494.0,364240.0,1770.0,538.0,0,0,0,0,0,0,0,0,0,0,0,0
2018-04-20,546290.0,219.0,1770.0,584.0,449780.0,6534.0,494.0,0,0,0,0,0,0,0,0,0,0,0,0
2018-04-21,973380.0,407.0,6534.0,806.0,546290.0,3229.0,584.0,0,0,0,0,0,0,0,0,0,0,0,0
2018-04-22,865980.0,372.0,3229.0,824.0,973380.0,1538.0,806.0,0,0,0,0,0,0,0,0,0,0,0,0
2018-04-23,473550.0,205.0,1538.0,1104.0,865980.0,1531.0,824.0,0,0,0,0,0,0,0,0,0,0,0,0
2018-04-24,283880.0,123.0,1531.0,719.0,473550.0,1210.0,1104.0,0,0,0,0,0,0,0,0,0,0,0,0
2018-04-25,345520.0,151.0,1210.0,665.0,283880.0,1653.0,719.0,-5,0,0,0,0,0,0,0,0,0,0,1
2018-04-26,381790.0,170.0,1653.0,823.0,345520.0,2053.0,665.0,0,0,0,0,0,0,0,0,0,0,0,0
2018-04-27,363260.0,159.0,2053.0,670.0,381790.0,9612.0,823.0,0,0,0,0,0,0,0,0,0,0,0,0
2018-04-28,974210.0,421.0,9612.0,825.0,363260.0,8350.0,670.0,0,0,0,0,0,0,0,0,0,0,0,0
2018-04-29,1637550.0,707.0,8350.0,1156.0,974210.0,6748.0,825.0,0,0,0,0,0,0,0,0,0,0,0,0
2018-04-30,1207670.0,528.0,6748.0,1030.0,1637550.0,6700.0,1156.0,0,0,0,0,0,0,0,0,0,0,0,0
2018-05-01,1017790.0,473.0,6700.0,1093.0,1207670.0,11552.0,1030.0,0,0,0,0,0,0,0,0,0,0,0,0
2018-05-02,904410.0,333.0,11552.0,1027.0,1017790.0,11954.0,1093.0,-5,0,0,0,0,0,0,0,0,0,0,1
2018-05-03,1430600.0,554.0,11954.0,1090.0,904410.0,13461.0,1027.0,-5,0,0,0,0,0,0,0,0,0,0,1
2018-05-04,2136810.0,816.0,13461.0,1314.0,1430600.0,9511.0,1090.0,0,0,0,0,0,0,0,0,0,0,0,0
2018-05-05,1611380.0,639.0,9511.0,1446.0,2136810.0,2431.0,1314.0,0,0,0,0,0,0,0,0,0,0,0,0
2018-05-06,935280.0,405.0,2431.0,1138.0,1611380.0,1606.0,1446.0,0,0,0,0,0,0,0,0,0,0,0,0
2018-05-07,138060.0,55.0,1606.0,822.0,935280.0,1227.0,1138.0,-5,0,0,0,0,0,0,0,0,0,0,1
2018-05-08,277230.0,124.0,1227.0,658.0,138060.0,1601.0,822.0,-5,0,0,0,0,0,0,0,0,0,0,1
2018-05-09,356150.0,148.0,1601.0,812.0,277230.0,2303.0,658.0,-5,0,0,0,0,0,0,0,0,0,0,1
2018-05-10,472810.0,196.0,2303.0,608.0,356150.0,2506.0,812.0,0,0,0,0,0,0,0,0,0,0,0,0
2018-05-11,326080.0,133.0,2506.0,842.0,472810.0,4383.0,608.0,0,0,0,0,0,0,0,0,0,0,0,0
2018-05-12,852330.0,361.0,4383.0,442.0,326080.0,2964.0,842.0,0,0,0,0,0,0,0,0,0,0,0,0
2018-05-13,767140.0,334.0,2964.0,735.0,852330.0,1862.0,442.0,-5,0,0,0,0,0,0,0,0,0,0,1
2018-05-14,623760.0,244.0,1862.0,835.0,767140.0,1840.0,735.0,0,0,0,0,0,0,0,0,0,0,0,0
2018-05-15,491660.0,201.0,1840.0,673.0,623760.0,2118.0,835.0,0,0,0,0,0,0,0,0,0,0,0,0
2018-05-16,547570.0,241.0,2118.0,686.0,491660.0,1651.0,673.0,0,0,0,0,0,0,0,0,0,0,0,0
2018-05-17,458330.0,184.0,1651.0,540.0,547570.0,1802.0,686.0,0,0,0,0,0,0,0,0,0,0,0,0
2018-05-18,502710.0,230.0,1802.0,624.0,458330.0,4161.0,540.0,0,0,0,0,0,0,0,0,0,0,0,0
2018-05-19,876940.0,386.0,4161.0,448.0,502710.0,3053.0,624.0,-5,0,0,0,0,0,0,0,0,0,0,1
2018-05-20,973260.0,408.0,3053.0,572.0,876940.0,1815.0,448.0,0,0,0,0,0,0,0,0,0,0,0,0
2018-05-21,438170.0,196.0,1815.0,695.0,973260.0,1311.0,572.0,0,0,0,0,0,0,0,0,0,0,0,0
2018-05-22,510730.0,210.0,1311.0,597.0,438170.0,1525.0,695.0,0,0,0,0,0,0,0,0,0,0,0,0
2018-05-23,312470.0,136.0,1525.0,483.0,510730.0,1722.0,597.0,-5,0,0,0,0,0,0,0,0,0,0,1
2018-05-24,365240.0,152.0,1722.0,628.0,312470.0,2040.0,483.0,0,0,0,0,0,0,0,0,0,0,0,0
2018-05-25,478810.0,377.0,2040.0,492.0,365240.0,4586.0,628.0,0,0,0,0,0,0,0,0,0,0,0,0
2018-05-26,859080.0,370.0,4586.0,481.0,478810.0,3174.0,492.0,0,0,0,0,0,0,0,0,0,0,0,0
2018-05-27,1000660.0,465.0,3174.0,587.0,859080.0,1991.0,481.0,0,0,0,0,0,0,0,0,0,0,0,0
2018-05-28,636720.0,252.0,1991.0,755.0,1000660.0,1894.0,587.0,0,0,0,0,0,0,0,0,0,0,0,0
2018-05-29,361740.0,168.0,1894.0,530.0,636720.0,1384.0,755.0,0,0,0,0,0,0,0,0,0,0,0,0
2018-05-30,345310.0,140.0,1384.0,467.0,361740.0,1785.0,530.0,-5,0,0,0,0,0,0,0,0,0,0,1
2018-05-31,368780.0,163.0,1785.0,497.0,345310.0,3138.0,467.0,0,0,0,0,0,0,0,0,0,0,0,0
2018-06-01,20640.0,8.0,3138.0,478.0,368780.0,4559.0,497.0,0,0,0,0,0,0,0,0,0,0,0,0
2018-06-02,1020990.0,462.0,4559.0,491.0,20640.0,3066.0,478.0,0,0,0,0,0,0,0,0,0,0,0,0
2018-06-03,892810.0,364.0,3066.0,887.0,1020990.0,2462.0,491.0,0,0,0,0,0,0,0,0,0,0,0,0
2018-06-04,473170.0,211.0,2462.0,537.0,892810.0,2035.0,887.0,0,0,0,0,0,0,0,0,0,0,0,0
2018-06-05,413202.0,180.0,2035.0,561.0,473170.0,1769.0,537.0,0,0,0,0,0,0,0,0,0,0,0,0
2018-06-06,262890.0,96.0,1769.0,535.0,413202.0,1254.0,561.0,-5,0,0,0,0,0,0,0,0,0,0,1
2018-06-07,243160.0,122.0,1254.0,525.0,262890.0,1841.0,535.0,0,0,0,0,0,0,0,0,0,0,0,0
2018-06-08,461090.0,205.0,1841.0,426.0,243160.0,4440.0,525.0,0,0,0,0,0,0,0,0,0,0,0,0
2018-06-09,821600.0,370.0,4440.0,524.0,461090.0,2952.0,426.0,0,0,0,0,0,0,0,0,0,0,0,0
2018-06-10,727640.0,317.0,2952.0,740.0,821600.0,2154.0,524.0,-5,0,0,0,0,0,0,0,0,0,0,1
2018-06-11,332040.0,167.0,2154.0,782.0,727640.0,1571.0,740.0,0,0,0,0,0,0,0,0,0,0,0,0
2018-06-12,376180.0,150.0,1571.0,647.0,332040.0,1419.0,782.0,0,0,0,0,0,0,0,0,0,0,0,0
2018-06-13,468040.0,196.0,1419.0,554.0,376180.0,1260.0,647.0,0,0,0,0,0,0,0,0,0,0,0,0
2018-06-14,526820.0,200.0,1260.0,485.0,468040.0,2663.0,554.0,0,0,0,0,0,0,0,0,0,0,0,0
2018-06-15,8420.0,4.0,2663.0,626.0,526820.0,6606.0,485.0,-5,0,0,0,0,0,0,0,0,0,0,1
2018-06-16,976050.0,422.0,6606.0,1160.0,8420.0,3740.0,626.0,0,0,0,0,0,0,0,0,0,0,0,0
2018-06-17,1147390.0,456.0,3740.0,851.0,976050.0,1591.0,1160.0,0,0,0,0,0,0,0,0,0,0,0,0
2018-06-18,280910.0,134.0,1591.0,643.0,1147390.0,757.0,851.0,-5,0,0,0,0,0,0,0,0,0,0,1
2018-06-19,297120.0,118.0,757.0,330.0,280910.0,1214.0,643.0,0,0,0,0,0,0,0,0,0,0,0,0
2018-06-20,210310.0,80.0,1214.0,343.0,297120.0,1418.0,330.0,-5,0,0,0,0,0,0,0,0,0,0,1
2018-06-21,300350.0,130.0,1418.0,492.0,210310.0,1951.0,343.0,0,0,0,0,0,0,0,0,0,0,0,0
2018-06-22,469490.0,194.0,1951.0,414.0,300350.0,5406.0,492.0,0,0,0,0,0,0,0,0,0,0,0,0
2018-06-23,900800.0,362.0,5406.0,465.0,469490.0,2858.0,414.0,-5,0,0,0,0,0,0,0,0,0,0,1
2018-06-24,1041530.0,471.0,2858.0,886.0,900800.0,1957.0,465.0,0,0,0,0,0,0,0,0,0,0,0,0
2018-06-25,367680.0,165.0,1957.0,607.0,1041530.0,1630.0,886.0,0,0,0,0,0,0,0,0,0,0,0,0
2018-06-26,292520.0,155.0,1630.0,423.0,367680.0,1784.0,607.0,0,0,0,0,0,0,0,0,0,0,0,0
2018-06-27,349690.0,172.0,1784.0,544.0,292520.0,1303.0,423.0,0,0,0,0,0,0,0,0,0,0,0,0
2018-06-28,512430.0,201.0,1303.0,722.0,349690.0,1915.0,544.0,0,0,0,0,0,0,0,0,0,0,0,0
2018-06-29,360620.0,143.0,1915.0,624.0,512430.0,4300.0,722.0,0,0,0,0,0,0,0,0,0,0,0,0
2018-06-30,859970.0,391.0,4300.0,611.0,360620.0,1643.0,624.0,0,0,0,0,0,0,0,0,0,0,0,0
2018-07-01,996740.0,455.0,1643.0,798.0,859970.0,965.0,611.0,0,0,0,0,0,0,0,0,0,0,0,0
2018-07-02,448610.0,196.0,965.0,589.0,996740.0,1028.0,798.0,0,0,0,0,0,0,0,0,0,0,0,0
2018-07-03,323390.0,127.0,1028.0,555.0,448610.0,902.0,589.0,0,0,0,0,0,0,0,0,0,0,0,0
2018-07-04,315140.0,123.0,902.0,310.0,323390.0,987.0,555.0,-5,0,0,0,0,0,0,0,0,0,0,1
2018-07-05,387220.0,161.0,987.0,334.0,315140.0,1768.0,310.0,0,0,0,0,0,0,0,0,0,0,0,0
2018-07-06,280320.0,126.0,1768.0,474.0,387220.0,5178.0,334.0,-5,0,0,0,0,0,0,0,0,0,0,1
2018-07-07,561100.0,243.0,5178.0,352.0,280320.0,2687.0,474.0,-5,0,0,0,0,0,0,0,0,0,0,1
2018-07-08,808320.0,350.0,2687.0,410.0,561100.0,1667.0,352.0,0,0,0,0,0,0,0,0,0,0,0,0
2018-07-09,501090.0,228.0,1667.0,736.0,808320.0,1648.0,410.0,0,0,0,0,0,0,0,0,0,0,0,0
2018-07-10,418680.0,191.0,1648.0,492.0,501090.0,1610.0,736.0,0,0,0,0,0,0,0,0,0,0,0,0
2018-07-11,473730.0,177.0,1610.0,416.0,418680.0,1787.0,492.0,0,0,0,0,0,0,0,0,0,0,0,0
2018-07-12,469380.0,209.0,1787.0,656.0,473730.0,3193.0,416.0,0,0,0,0,0,0,0,0,0,0,0,0
2018-07-13,513980.0,222.0,3193.0,598.0,469380.0,11629.0,656.0,0,0,0,0,0,0,0,0,0,0,0,0
2018-07-14,1086700.0,450.0,11629.0,559.0,513980.0,11986.0,598.0,15,0,0,1,0,0,0,0,0,0,0,0
2018-07-15,1487410.0,652.0,11986.0,876.0,1086700.0,4329.0,559.0,26,0,0,1,0,1,0,0,0,0,0,0
2018-07-16,1173880.0,505.0,4329.0,926.0,1487410.0,2192.0,876.0,11,0,0,0,0,1,0,0,0,0,0,0
2018-07-17,368430.0,163.0,2192.0,711.0,1173880.0,1109.0,926.0,11,0,0,0,0,1,0,0,0,0,0,0
2018-07-18,325470.0,153.0,1109.0,524.0,368430.0,1556.0,711.0,0,0,0,0,0,0,0,0,0,0,0,0
2018-07-19,384480.0,162.0,1556.0,439.0,325470.0,3737.0,524.0,0,0,0,0,0,0,0,0,0,0,0,0
2018-07-20,397930.0,159.0,3737.0,427.0,384480.0,7396.0,439.0,0,0,0,0,0,0,0,0,0,0,0,0
2018-07-21,698970.0,314.0,7396.0,411.0,397930.0,6165.0,427.0,0,0,0,0,0,0,0,0,0,0,0,0
2018-07-22,819010.0,375.0,6165.0,611.0,698970.0,5604.0,411.0,0,0,0,0,0,0,0,0,0,0,0,0
2018-07-23,514370.0,217.0,5604.0,714.0,819010.0,4656.0,611.0,0,0,0,0,0,0,0,0,0,0,0,0
2018-07-24,384010.0,174.0,4656.0,559.0,514370.0,4326.0,714.0,0,0,0,0,0,0,0,0,0,0,0,0
2018-07-25,431350.0,217.0,4326.0,554.0,384010.0,5795.0,559.0,0,0,0,0,0,0,0,0,0,0,0,0
2018-07-26,387040.0,186.0,5795.0,431.0,431350.0,7644.0,554.0,0,0,0,0,0,0,0,0,0,0,0,0
2018-07-27,653200.0,304.0,7644.0,601.0,387040.0,9679.0,431.0,0,0,0,0,0,0,0,0,0,0,0,0
2018-07-28,532440.0,246.0,9679.0,383.0,653200.0,6985.0,601.0,-5,0,0,0,0,0,0,0,0,0,0,1
2018-07-29,681620.0,318.0,6985.0,591.0,532440.0,5603.0,383.0,-5,0,0,0,0,0,0,0,0,0,0,1
2018-07-30,570550.0,260.0,5603.0,760.0,681620.0,4342.0,591.0,0,0,0,0,0,0,0,0,0,0,0,0
2018-07-31,316310.0,147.0,4342.0,532.0,570550.0,4770.0,760.0,0,0,0,0,0,0,0,0,0,0,0,0
2018-08-01,566980.0,289.0,4770.0,621.0,316310.0,6259.0,532.0,0,0,0,0,0,0,0,0,0,0,0,0
2018-08-02,547280.0,246.0,6259.0,657.0,566980.0,6749.0,621.0,0,0,0,0,0,0,0,0,0,0,0,0
2018-08-03,665290.0,305.0,6749.0,676.0,547280.0,7727.0,657.0,0,0,0,0,0,0,0,0,0,0,0,0
2018-08-04,860890.0,393.0,7727.0,656.0,665290.0,7210.0,676.0,0,0,0,0,0,0,0,0,0,0,0,0
2018-08-05,969020.0,452.0,7210.0,693.0,860890.0,6890.0,656.0,0,0,0,0,0,0,0,0,0,0,0,0
2018-08-06,665270.0,284.0,6890.0,930.0,969020.0,7634.0,693.0,0,0,0,0,0,0,0,0,0,0,0,0
2018-08-07,561530.0,238.0,7634.0,745.0,665270.0,7919.0,930.0,-5,0,0,0,0,0,0,0,0,0,0,1
2018-08-08,795010.0,1137.0,7919.0,696.0,561530.0,9906.0,745.0,0,0,0,0,0,0,0,0,0,0,0,0
2018-08-09,624250.0,314.0,9906.0,752.0,795010.0,9631.0,696.0,0,0,0,0,0,0,0,0,0,0,0,0
2018-08-10,766360.0,378.0,9631.0,942.0,624250.0,12501.0,752.0,0,0,0,0,0,0,0,0,0,0,0,0
2018-08-11,1153980.0,445.0,12501.0,1141.0,766360.0,11722.0,942.0,0,0,0,0,0,0,0,0,0,0,0,0
2018-08-12,1487680.0,575.0,11722.0,1044.0,1153980.0,11831.0,1141.0,0,0,0,0,0,0,0,0,0,0,0,0
2018-08-13,1593490.0,625.0,11831.0,1149.0,1487680.0,10251.0,1044.0,6,0,1,0,0,0,0,0,0,0,0,0
2018-08-14,1498350.0,558.0,10251.0,1546.0,1593490.0,8342.0,1149.0,6,0,1,0,0,0,0,0,0,0,0,0
2018-08-15,1265310.0,550.0,8342.0,1446.0,1498350.0,9952.0,1546.0,1,0,1,0,0,0,0,0,0,0,0,1
2018-08-16,1097260.0,518.0,9952.0,1224.0,1265310.0,10140.0,1446.0,0,0,0,0,0,0,0,0,0,0,0,0
2018-08-17,1089100.0,534.0,10140.0,1352.0,1097260.0,7045.0,1224.0,0,0,0,0,0,0,0,0,0,0,0,0
2018-08-18,965830.0,449.0,7045.0,1078.0,1089100.0,7872.0,1352.0,0,0,0,0,0,0,0,0,0,0,0,0
2018-08-19,1004790.0,442.0,7872.0,1128.0,965830.0,7135.0,1078.0,0,0,0,0,0,0,0,0,0,0,0,0
2018-08-20,964350.0,442.0,7135.0,1128.0,1004790.0,7499.0,1128.0,0,0,0,0,0,0,0,0,0,0,0,0
2018-08-21,809490.0,368.0,7499.0,954.0,964350.0,6964.0,1128.0,-5,0,0,0,0,0,0,0,0,0,0,1
2018-08-22,861730.0,380.0,6964.0,785.0,809490.0,5440.0,954.0,0,0,0,0,0,0,0,0,0,0,0,0
2018-08-23,637800.0,253.0,5440.0,1071.0,861730.0,5506.0,785.0,-5,0,0,0,0,0,0,0,0,0,0,1
2018-08-24,563370.0,263.0,5506.0,602.0,637800.0,7444.0,1071.0,-5,0,0,0,0,0,0,0,0,0,0,1
2018-08-25,881000.0,426.0,7444.0,675.0,563370.0,6906.0,602.0,0,0,0,0,0,0,0,0,0,0,0,0
2018-08-26,1005000.0,463.0,6906.0,901.0,881000.0,7083.0,675.0,0,0,0,0,0,0,0,0,0,0,0,0
2018-08-27,643240.0,317.0,7083.0,882.0,1005000.0,5186.0,901.0,0,0,0,0,0,0,0,0,0,0,0,0
2018-08-28,626170.0,298.0,5186.0,677.0,643240.0,3310.0,882.0,-5,0,0,0,0,0,0,0,0,0,0,1
2018-08-29,592490.0,308.0,3310.0,921.0,626170.0,4576.0,677.0,0,0,0,0,0,0,0,0,0,0,0,0
2018-08-30,683030.0,317.0,4576.0,901.0,592490.0,4848.0,921.0,0,0,0,0,0,0,0,0,0,0,0,0
2018-08-31,543170.0,266.0,4848.0,1188.0,683030.0,3296.0,901.0,0,0,0,0,0,0,0,0,0,0,0,0
2018-09-01,878860.0,385.0,3296.0,777.0,543170.0,1266.0,1188.0,-5,0,0,0,0,0,0,0,0,0,0,1
2018-09-02,876500.0,398.0,1266.0,904.0,878860.0,1060.0,777.0,0,0,0,0,0,0,0,0,0,0,0,0
2018-09-03,600750.0,258.0,1060.0,1209.0,876500.0,1108.0,904.0,-5,0,0,0,0,0,0,0,0,0,0,1
2018-09-04,633990.0,258.0,1108.0,632.0,600750.0,2417.0,1209.0,-5,0,0,0,0,0,0,0,0,0,0,1
2018-09-05,416230.0,187.0,2417.0,661.0,633990.0,2731.0,632.0,0,0,0,0,0,0,0,0,0,0,0,0
2018-09-06,420780.0,185.0,2731.0,701.0,416230.0,2725.0,661.0,0,0,0,0,0,0,0,0,0,0,0,0
2018-09-07,496230.0,240.0,2725.0,720.0,420780.0,4772.0,701.0,0,0,0,0,0,0,0,0,0,0,0,0
2018-09-08,791090.0,349.0,4772.0,542.0,496230.0,3438.0,720.0,0,0,0,0,0,0,0,0,0,0,0,0
2018-09-09,977120.0,430.0,3438.0,867.0,791090.0,3111.0,542.0,0,0,0,0,0,0,0,0,0,0,0,0
2018-09-10,496520.0,202.0,3111.0,834.0,977120.0,1614.0,867.0,-5,0,0,0,0,0,0,0,0,0,0,1
2018-09-11,639950.0,262.0,1614.0,946.0,496520.0,1534.0,834.0,0,0,0,0,0,0,0,0,0,0,0,0
2018-09-12,584140.0,256.0,1534.0,785.0,639950.0,957.0,946.0,0,0,0,0,0,0,0,0,0,0,0,0
2018-09-13,609160.0,264.0,957.0,810.0,584140.0,1255.0,785.0,0,0,0,0,0,0,0,0,0,0,0,0
2018-09-14,545580.0,233.0,1255.0,819.0,609160.0,3895.0,810.0,0,0,0,0,0,0,0,0,0,0,0,0
2018-09-15,1113980.0,490.0,3895.0,817.0,545580.0,2623.0,819.0,11,0,0,0,0,1,0,0,0,0,0,0
2018-09-16,1433090.0,609.0,2623.0,1118.0,1113980.0,1299.0,817.0,11,0,0,0,0,1,0,0,0,0,0,0
2018-09-17,1167600.0,495.0,1299.0,1155.0,1433090.0,662.0,1118.0,11,0,0,0,0,1,0,0,0,0,0,0
2018-09-18,643450.0,292.0,662.0,907.0,1167600.0,707.0,1155.0,0,0,0,0,0,0,0,0,0,0,0,0
2018-09-19,548380.0,234.0,707.0,630.0,643450.0,1558.0,907.0,0,0,0,0,0,0,0,0,0,0,0,0
2018-09-20,531070.0,211.0,1558.0,687.0,548380.0,1481.0,630.0,-5,0,0,0,0,0,0,0,0,0,0,1
2018-09-21,446140.0,173.0,1481.0,727.0,531070.0,4521.0,687.0,-5,0,0,0,0,0,0,0,0,0,0,1
2018-09-22,1029840.0,449.0,4521.0,698.0,446140.0,4009.0,727.0,11,0,0,0,0,1,0,0,0,0,0,0
2018-09-23,1602070.0,707.0,4009.0,1247.0,1029840.0,1071.0,698.0,11,0,0,0,0,1,0,0,0,0,0,0
2018-09-24,1041870.0,438.0,1071.0,1142.0,1602070.0,2230.0,1247.0,11,0,0,0,0,1,0,0,0,0,0,0
2018-09-25,558740.0,230.0,2230.0,876.0,1041870.0,2772.0,1142.0,0,0,0,0,0,0,0,0,0,0,0,0
2018-09-26,632550.0,245.0,2772.0,751.0,558740.0,2994.0,876.0,0,0,0,0,0,0,0,0,0,0,0,0
2018-09-27,361800.0,172.0,2994.0,619.0,632550.0,2789.0,751.0,0,0,0,0,0,0,0,0,0,0,0,0
2018-09-28,489270.0,209.0,2789.0,604.0,361800.0,4871.0,619.0,0,0,0,0,0,0,0,0,0,0,0,0
2018-09-29,601220.0,252.0,4871.0,568.0,489270.0,3968.0,604.0,0,0,0,0,0,0,0,0,0,0,0,0
2018-09-30,113190.0,54.0,3968.0,638.0,601220.0,1881.0,568.0,-10,0,0,0,0,0,0,0,1,0,0,0
2018-10-01,195090.0,79.0,1881.0,699.0,113190.0,1772.0,638.0,0,0,0,0,0,0,0,0,0,0,0,0
2018-10-02,318710.0,123.0,1772.0,492.0,195090.0,2119.0,699.0,0,0,0,0,0,0,0,0,0,0,0,0
2018-10-03,560590.0,262.0,2119.0,402.0,318710.0,1853.0,492.0,0,0,0,0,0,0,0,0,0,0,0,0
2018-10-04,414630.0,151.0,1853.0,445.0,560590.0,2393.0,402.0,0,0,0,0,0,0,0,0,0,0,0,0
2018-10-05,501140.0,189.0,2393.0,494.0,414630.0,8672.0,445.0,0,0,0,0,0,0,0,0,0,0,0,0
2018-10-06,921920.0,403.0,8672.0,376.0,501140.0,8715.0,494.0,11,0,0,0,0,1,0,0,0,0,0,0
2018-10-07,1425820.0,630.0,8715.0,713.0,921920.0,4054.0,376.0,11,0,0,0,0,1,0,0,0,0,0,0
2018-10-08,1162070.0,445.0,4054.0,1033.0,1425820.0,2571.0,713.0,11,0,0,0,0,1,0,0,0,0,0,0
2018-10-09,589180.0,258.0,2571.0,650.0,1162070.0,2666.0,1033.0,0,0,0,0,0,0,0,0,0,0,0,0
2018-10-10,601710.0,252.0,2666.0,421.0,589180.0,1889.0,650.0,0,0,0,0,0,0,0,0,0,0,0,0
2018-10-11,302470.0,124.0,1889.0,543.0,601710.0,1546.0,421.0,-5,0,0,0,0,0,0,0,0,0,0,1
2018-10-12,499730.0,214.0,1546.0,548.0,302470.0,3139.0,543.0,0,0,0,0,0,0,0,0,0,0,0,0
2018-10-13,1069180.0,409.0,3139.0,360.0,499730.0,2658.0,548.0,0,0,0,0,0,0,0,0,0,0,0,0
2018-10-14,1075300.0,454.0,2658.0,869.0,1069180.0,1869.0,360.0,0,0,0,0,0,0,0,0,0,0,0,0
2018-10-15,750500.0,305.0,1869.0,589.0,1075300.0,2210.0,869.0,0,0,0,0,0,0,0,0,0,0,0,0
2018-10-16,492560.0,222.0,2210.0,626.0,750500.0,2093.0,589.0,0,0,0,0,0,0,0,0,0,0,0,0
2018-10-17,552400.0,222.0,2093.0,514.0,492560.0,2072.0,626.0,0,0,0,0,0,0,0,0,0,0,0,0
2018-10-18,630820.0,262.0,2072.0,567.0,552400.0,3239.0,514.0,0,0,0,0,0,0,0,0,0,0,0,0
2018-10-19,443940.0,197.0,3239.0,711.0,630820.0,5573.0,567.0,0,0,0,0,0,0,0,0,0,0,0,0
2018-10-20,1021970.0,430.0,5573.0,591.0,443940.0,2824.0,711.0,0,0,0,0,0,0,0,0,0,0,0,0
2018-10-21,1080210.0,466.0,2824.0,551.0,1021970.0,1657.0,591.0,0,0,0,0,0,0,0,0,0,0,0,0
2018-10-22,706740.0,305.0,1657.0,555.0,1080210.0,2141.0,551.0,0,0,0,0,0,0,0,0,0,0,0,0
2018-10-23,689210.0,241.0,2141.0,585.0,706740.0,2483.0,555.0,0,0,0,0,0,0,0,0,0,0,0,0
2018-10-24,589860.0,233.0,2483.0,724.0,689210.0,1740.0,585.0,0,0,0,0,0,0,0,0,0,0,0,0
2018-10-25,698810.0,268.0,1740.0,729.0,589860.0,4426.0,724.0,0,0,0,0,0,0,0,0,0,0,0,0
2018-10-26,649920.0,264.0,4426.0,617.0,698810.0,8322.0,729.0,0,0,0,0,0,0,0,0,0,0,0,0
2018-10-27,1019400.0,418.0,8322.0,505.0,649920.0,6033.0,617.0,0,0,0,0,0,0,0,0,0,0,0,0
2018-10-28,1088540.0,448.0,6033.0,854.0,1019400.0,3783.0,505.0,0,0,0,0,0,0,0,0,0,0,0,0
2018-10-29,689590.0,313.0,3783.0,844.0,1088540.0,3331.0,854.0,0,0,0,0,0,0,0,0,0,0,0,0
2018-10-30,494110.0,226.0,3331.0,568.0,689590.0,2120.0,844.0,0,0,0,0,0,0,0,0,0,0,0,0
2018-10-31,392830.0,175.0,2120.0,493.0,494110.0,2468.0,568.0,0,0,0,0,0,0,0,0,0,0,0,0
2018-11-01,612000.0,261.0,2468.0,598.0,392830.0,4417.0,493.0,0,0,0,0,0,0,0,0,0,0,0,0
2018-11-02,613310.0,268.0,4417.0,712.0,612000.0,9681.0,598.0,0,0,0,0,0,0,0,0,0,0,0,0
2018-11-03,1281640.0,499.0,9681.0,1185.0,613310.0,4737.0,712.0,0,0,0,0,0,0,0,0,0,0,0,0
2018-11-04,1214550.0,499.0,4737.0,818.0,1281640.0,3026.0,1185.0,0,0,0,0,0,0,0,0,0,0,0,0
2018-11-05,688180.0,299.0,3026.0,697.0,1214550.0,2507.0,818.0,0,0,0,0,0,0,0,0,0,0,0,0
2018-11-06,443260.0,200.0,2507.0,435.0,688180.0,1669.0,697.0,0,0,0,0,0,0,0,0,0,0,0,0
2018-11-07,467200.0,196.0,1669.0,713.0,443260.0,1255.0,435.0,0,0,0,0,0,0,0,0,0,0,0,0
2018-11-08,552890.0,244.0,1255.0,691.0,467200.0,2594.0,713.0,0,0,0,0,0,0,0,0,0,0,0,0
2018-11-09,356120.0,150.0,2594.0,560.0,552890.0,6609.0,691.0,-5,0,0,0,0,0,0,0,0,0,0,1
2018-11-10,995090.0,448.0,6609.0,848.0,356120.0,4295.0,560.0,0,0,0,0,0,0,0,0,0,0,0,0
2018-11-11,1204480.0,500.0,4295.0,563.0,995090.0,3050.0,848.0,0,0,0,0,0,0,0,0,0,0,0,0
2018-11-12,777880.0,322.0,3050.0,941.0,1204480.0,1893.0,563.0,0,0,0,0,0,0,0,0,0,0,0,0
2018-11-13,591610.0,278.0,1893.0,589.0,777880.0,2001.0,941.0,0,0,0,0,0,0,0,0,0,0,0,0
2018-11-14,655270.0,273.0,2001.0,567.0,591610.0,1586.0,589.0,0,0,0,0,0,0,0,0,0,0,0,0
2018-11-15,540180.0,213.0,1586.0,503.0,655270.0,2291.0,567.0,0,0,0,0,0,0,0,0,0,0,0,0
2018-11-16,618410.0,268.0,2291.0,865.0,540180.0,8144.0,503.0,0,0,0,0,0,0,0,0,0,0,0,0
2018-11-17,1117460.0,471.0,8144.0,414.0,618410.0,5483.0,865.0,0,0,0,0,0,0,0,0,0,0,0,0
2018-11-18,1063930.0,465.0,5483.0,689.0,1117460.0,2357.0,414.0,0,0,0,0,0,0,0,0,0,0,0,0
2018-11-19,694030.0,285.0,2357.0,671.0,1063930.0,1492.0,689.0,0,0,0,0,0,0,0,0,0,0,0,0
2018-11-20,562750.0,239.0,1492.0,371.0,694030.0,1531.0,671.0,0,0,0,0,0,0,0,0,0,0,0,0
2018-11-21,493990.0,217.0,1531.0,455.0,562750.0,2653.0,371.0,0,0,0,0,0,0,0,0,0,0,0,0
2018-11-22,683340.0,280.0,2653.0,1240.0,493990.0,9562.0,455.0,0,0,0,0,0,0,0,0,0,0,0,0
2018-11-23,1275780.0,537.0,9562.0,649.0,683340.0,10812.0,1240.0,11,0,0,0,0,1,0,0,0,0,0,0
2018-11-24,1475780.0,612.0,10812.0,749.0,1275780.0,4908.0,649.0,11,0,0,0,0,1,0,0,0,0,0,0
2018-11-25,1082330.0,446.0,4908.0,795.0,1475780.0,1471.0,749.0,11,0,0,0,0,1,0,0,0,0,0,0
2018-11-26,618100.0,271.0,1471.0,710.0,1082330.0,3220.0,795.0,0,0,0,0,0,0,0,0,0,0,0,0
2018-11-27,566250.0,239.0,3220.0,481.0,618100.0,2192.0,710.0,0,0,0,0,0,0,0,0,0,0,0,0
2018-11-28,387550.0,169.0,2192.0,563.0,566250.0,1608.0,481.0,0,0,0,0,0,0,0,0,0,0,0,0
2018-11-29,426280.0,167.0,1608.0,490.0,387550.0,2372.0,563.0,0,0,0,0,0,0,0,0,0,0,0,0
2018-11-30,539120.0,238.0,2372.0,474.0,426280.0,6643.0,490.0,0,0,0,0,0,0,0,0,0,0,0,0
2018-12-01,927270.0,404.0,6643.0,931.0,539120.0,3385.0,474.0,0,0,0,0,0,0,0,0,0,0,0,0
2018-12-02,916690.0,396.0,3385.0,797.0,927270.0,1794.0,931.0,0,0,0,0,0,0,0,0,0,0,0,0
2018-12-03,508010.0,209.0,1794.0,748.0,916690.0,1140.0,797.0,0,0,0,0,0,0,0,0,0,0,0,0
2018-12-04,345770.0,175.0,1140.0,422.0,508010.0,778.0,748.0,0,0,0,0,0,0,0,0,0,0,0,0
2018-12-05,468030.0,186.0,778.0,554.0,345770.0,1068.0,422.0,0,0,0,0,0,0,0,0,0,0,0,0
2018-12-06,325200.0,148.0,1068.0,414.0,468030.0,2081.0,554.0,0,0,0,0,0,0,0,0,0,0,0,0
2018-12-07,625380.0,222.0,2081.0,540.0,325200.0,5642.0,414.0,0,0,0,0,0,0,0,0,0,0,0,0
2018-12-08,964440.0,416.0,5642.0,546.0,625380.0,2767.0,540.0,0,0,0,0,0,0,0,0,0,0,0,0
2018-12-09,1010410.0,412.0,2767.0,656.0,964440.0,901.0,546.0,0,0,0,0,0,0,0,0,0,0,0,0
2018-12-10,575780.0,225.0,901.0,842.0,1010410.0,704.0,656.0,0,0,0,0,0,0,0,0,0,0,0,0
2018-12-11,353230.0,151.0,704.0,544.0,575780.0,614.0,842.0,0,0,0,0,0,0,0,0,0,0,0,0
2018-12-12,585050.0,212.0,614.0,412.0,353230.0,804.0,544.0,0,0,0,0,0,0,0,0,0,0,0,0
2018-12-13,417350.0,189.0,804.0,508.0,585050.0,2169.0,412.0,0,0,0,0,0,0,0,0,0,0,0,0
2018-12-14,372400.0,156.0,2169.0,442.0,417350.0,4003.0,508.0,0,0,0,0,0,0,0,0,0,0,0,0
2018-12-15,902720.0,401.0,4003.0,442.0,372400.0,2006.0,442.0,0,0,0,0,0,0,0,0,0,0,0,0
2018-12-16,950100.0,395.0,2006.0,581.0,902720.0,1116.0,442.0,0,0,0,0,0,0,0,0,0,0,0,0
2018-12-17,603710.0,255.0,1116.0,760.0,950100.0,1052.0,581.0,0,0,0,0,0,0,0,0,0,0,0,0
2018-12-18,403760.0,173.0,1052.0,338.0,603710.0,825.0,760.0,0,0,0,0,0,0,0,0,0,0,0,0
2018-12-19,413000.0,150.0,825.0,527.0,403760.0,751.0,338.0,0,0,0,0,0,0,0,0,0,0,0,0
2018-12-20,496060.0,174.0,751.0,873.0,413000.0,1321.0,527.0,0,0,0,0,0,0,0,0,0,0,0,0
2018-12-21,309700.0,141.0,1321.0,480.0,496060.0,8156.0,873.0,0,0,0,0,0,0,0,0,0,0,0,0
2018-12-22,964480.0,394.0,8156.0,332.0,309700.0,7838.0,480.0,0,0,0,0,0,0,0,0,0,0,0,0
2018-12-23,1276020.0,520.0,7838.0,758.0,964480.0,4137.0,332.0,0,0,0,0,0,0,0,0,0,0,0,0
2018-12-24,943810.0,403.0,4137.0,851.0,1276020.0,3179.0,758.0,0,0,0,0,0,0,0,0,0,0,0,0
2018-12-25,532060.0,232.0,3179.0,503.0,943810.0,3466.0,851.0,17,0,0,0,1,0,0,0,0,0,0,0
2018-12-26,615700.0,290.0,3466.0,444.0,532060.0,4559.0,503.0,0,0,0,0,0,0,0,0,0,0,0,0
2018-12-27,526850.0,200.0,4559.0,549.0,615700.0,7281.0,444.0,0,0,0,0,0,0,0,0,0,0,0,0
2018-12-28,760910.0,326.0,7281.0,416.0,526850.0,11415.0,549.0,0,0,0,0,0,0,0,0,0,0,0,0
2018-12-29,1082410.0,405.0,11415.0,453.0,760910.0,15118.0,416.0,0,0,0,0,0,0,0,0,0,0,0,0
2018-12-30,1533850.0,610.0,15118.0,851.0,1082410.0,16018.0,453.0,0,0,0,0,0,0,0,0,0,0,0,0
2018-12-31,1301190.0,484.0,16018.0,712.0,1533850.0,12247.0,851.0,16,0,0,0,0,0,0,0,0,1,0,0
2019-01-01,2819600.0,999.0,12247.0,568.0,1301190.0,12184.0,712.0,18,0,0,0,0,0,0,1,0,0,0,0
2019-01-02,2661400.0,975.0,12184.0,502.0,2819600.0,13318.0,568.0,0,0,0,0,0,0,0,0,0,0,0,0
2019-01-03,2418500.0,891.0,13318.0,1023.0,2661400.0,14000.0,502.0,0,0,0,0,0,0,0,0,0,0,0,0
2019-01-04,2230930.0,852.0,14000.0,1244.0,2418500.0,8700.0,1023.0,0,0,0,0,0,0,0,0,0,0,0,0
2019-01-05,1840660.0,672.0,8700.0,783.0,2230930.0,4144.0,1244.0,0,0,0,0,0,0,0,0,0,0,0,0
2019-01-06,1380850.0,533.0,4144.0,846.0,1840660.0,1041.0,783.0,0,0,0,0,0,0,0,0,0,0,0,0
2019-01-07,874920.0,298.0,1041.0,1181.0,1380850.0,574.0,846.0,0,0,0,0,0,0,0,0,0,0,0,0
2019-01-08,670570.0,242.0,574.0,1057.0,874920.0,640.0,1181.0,0,0,0,0,0,0,0,0,0,0,0,0
2019-01-09,686510.0,252.0,640.0,1312.0,670570.0,594.0,1057.0,0,0,0,0,0,0,0,0,0,0,0,0
2019-01-10,745630.0,235.0,594.0,539.0,686510.0,648.0,1312.0,0,0,0,0,0,0,0,0,0,0,0,0
2019-01-11,775820.0,262.0,648.0,619.0,745630.0,4444.0,539.0,0,0,0,0,0,0,0,0,0,0,0,0
2019-01-12,1177970.0,482.0,4444.0,708.0,775820.0,4872.0,619.0,11,0,0,0,0,1,0,0,0,0,0,0
2019-01-13,1875210.0,692.0,4872.0,1248.0,1177970.0,1919.0,708.0,11,0,0,0,0,1,0,0,0,0,0,0
2019-01-14,1195170.0,461.0,1919.0,1185.0,1875210.0,858.0,1248.0,11,0,0,0,0,1,0,0,0,0,0,0
2019-01-15,665190.0,246.0,858.0,785.0,1195170.0,1059.0,1185.0,0,0,0,0,0,0,0,0,0,0,0,0
2019-01-16,814000.0,323.0,1059.0,732.0,665190.0,876.0,785.0,0,0,0,0,0,0,0,0,0,0,0,0
2019-01-17,582750.0,251.0,876.0,869.0,814000.0,1435.0,732.0,0,0,0,0,0,0,0,0,0,0,0,0
2019-01-18,629410.0,273.0,1435.0,545.0,582750.0,3155.0,869.0,0,0,0,0,0,0,0,0,0,0,0,0
2019-01-19,1175010.0,480.0,3155.0,545.0,629410.0,1812.0,545.0,0,0,0,0,0,0,0,0,0,0,0,0
2019-01-20,1279330.0,458.0,1812.0,675.0,1175010.0,1068.0,545.0,0,0,0,0,0,0,0,0,0,0,0,0
2019-01-21,845340.0,349.0,1068.0,783.0,1279330.0,913.0,675.0,0,0,0,0,0,0,0,0,0,0,0,0
2019-01-22,869380.0,328.0,913.0,619.0,845340.0,719.0,783.0,0,0,0,0,0,0,0,0,0,0,0,0
2019-01-23,765000.0,304.0,719.0,619.0,869380.0,655.0,619.0,0,0,0,0,0,0,0,0,0,0,0,0
2019-01-24,690950.0,272.0,655.0,614.0,765000.0,1145.0,619.0,0,0,0,0,0,0,0,0,0,0,0,0
2019-01-25,743950.0,297.0,1145.0,614.0,690950.0,3462.0,614.0,0,0,0,0,0,0,0,0,0,0,0,0
2019-01-26,1122450.0,435.0,3462.0,519.0,743950.0,2104.0,614.0,0,0,0,0,0,0,0,0,0,0,0,0
2019-01-27,1190500.0,466.0,2104.0,788.0,1122450.0,1378.0,519.0,0,0,0,0,0,0,0,0,0,0,0,0
2019-01-28,591920.0,244.0,1378.0,769.0,1190500.0,1019.0,788.0,0,0,0,0,0,0,0,0,0,0,0,0
2019-01-29,776750.0,283.0,1019.0,737.0,591920.0,387.0,769.0,0,0,0,0,0,0,0,0,0,0,0,0
2019-01-30,535450.0,230.0,387.0,659.0,776750.0,394.0,737.0,0,0,0,0,0,0,0,0,0,0,0,0
2019-01-31,287150.0,105.0,394.0,481.0,535450.0,898.0,659.0,-5,0,0,0,0,0,0,0,0,0,0,1
2019-02-01,382870.0,140.0,898.0,729.0,287150.0,3340.0,481.0,0,0,0,0,0,0,0,0,0,0,0,0
2019-02-02,902500.0,352.0,3340.0,481.0,382870.0,2852.0,729.0,0,0,0,0,0,0,0,0,0,0,0,0
2019-02-03,987810.0,326.0,2852.0,764.0,902500.0,1850.0,481.0,0,0,0,0,0,0,0,0,0,0,0,0
2019-02-04,651920.0,252.0,1850.0,662.0,987810.0,1255.0,764.0,0,0,0,0,0,0,0,0,0,0,0,0
2019-02-05,412760.0,171.0,1255.0,743.0,651920.0,1515.0,662.0,0,0,0,0,0,0,0,0,0,0,0,0
2019-02-06,316000.0,116.0,1515.0,707.0,412760.0,1169.0,743.0,-5,0,0,0,0,0,0,0,0,0,0,1
2019-02-07,524690.0,203.0,1169.0,704.0,316000.0,1678.0,707.0,0,0,0,0,0,0,0,0,0,0,0,0
2019-02-08,575860.0,159.0,1678.0,708.0,524690.0,6671.0,704.0,0,0,0,0,0,0,0,0,0,0,0,0
2019-02-09,1030370.0,420.0,6671.0,718.0,575860.0,8060.0,708.0,11,0,0,0,0,1,0,0,0,0,0,0
2019-02-10,1457930.0,563.0,8060.0,1089.0,1030370.0,4021.0,718.0,11,0,0,0,0,1,0,0,0,0,0,0
2019-02-11,1157910.0,453.0,4021.0,1180.0,1457930.0,1620.0,1089.0,11,0,0,0,0,1,0,0,0,0,0,0
2019-02-12,496260.0,207.0,1620.0,812.0,1157910.0,2073.0,1180.0,0,0,0,0,0,0,0,0,0,0,0,0
2019-02-13,510770.0,210.0,2073.0,627.0,496260.0,1938.0,812.0,0,0,0,0,0,0,0,0,0,0,0,0
2019-02-14,418600.0,189.0,1938.0,506.0,510770.0,2313.0,627.0,0,0,0,0,0,0,0,0,0,0,0,0
2019-02-15,412690.0,165.0,2313.0,572.0,418600.0,4878.0,506.0,0,0,0,0,0,0,0,0,0,0,0,0
2019-02-16,897840.0,360.0,4878.0,572.0,412690.0,4245.0,572.0,0,0,0,0,0,0,0,0,0,0,0,0
2019-02-17,1193420.0,477.0,4245.0,573.0,897840.0,2892.0,572.0,0,0,0,0,0,0,0,0,0,0,0,0
2019-02-18,614590.0,263.0,2892.0,946.0,1193420.0,2396.0,573.0,0,0,0,0,0,0,0,0,0,0,0,0
2019-02-19,436560.0,159.0,2396.0,599.0,614590.0,2165.0,946.0,-5,0,0,0,0,0,0,0,0,0,0,1
2019-02-20,620980.0,241.0,2165.0,600.0,436560.0,2128.0,599.0,0,0,0,0,0,0,0,0,0,0,0,0
2019-02-21,595130.0,237.0,2128.0,609.0,620980.0,2165.0,600.0,0,0,0,0,0,0,0,0,0,0,0,0
2019-02-22,580420.0,224.0,2165.0,627.0,595130.0,7767.0,609.0,0,0,0,0,0,0,0,0,0,0,0,0
2019-02-23,771390.0,319.0,7767.0,536.0,580420.0,4398.0,627.0,0,0,0,0,0,0,0,0,0,0,0,0
2019-02-24,1007630.0,427.0,4398.0,738.0,771390.0,1748.0,536.0,0,0,0,0,0,0,0,0,0,0,0,0
2019-02-25,543410.0,218.0,1748.0,1166.0,1007630.0,2087.0,738.0,0,0,0,0,0,0,0,0,0,0,0,0
2019-02-26,412070.0,184.0,2087.0,673.0,543410.0,2116.0,1166.0,0,0,0,0,0,0,0,0,0,0,0,0
2019-02-27,564500.0,235.0,2116.0,622.0,412070.0,1441.0,673.0,0,0,0,0,0,0,0,0,0,0,0,0
2019-02-28,319900.0,141.0,1441.0,619.0,564500.0,1987.0,622.0,-5,0,0,0,0,0,0,0,0,0,0,1
2019-03-01,335370.0,131.0,1987.0,552.0,319900.0,3866.0,619.0,0,0,0,0,0,0,0,0,0,0,0,0
2019-03-02,951900.0,388.0,3866.0,741.0,335370.0,2269.0,552.0,0,0,0,0,0,0,0,0,0,0,0,0
2019-03-03,627700.0,240.0,2269.0,727.0,951900.0,1768.0,741.0,-5,0,0,0,0,0,0,0,0,0,0,1
2019-03-04,465850.0,201.0,1768.0,1151.0,627700.0,1271.0,727.0,-5,0,0,0,0,0,0,0,0,0,0,1
2019-03-05,498210.0,217.0,1271.0,717.0,465850.0,1125.0,1151.0,0,0,0,0,0,0,0,0,0,0,0,0
2019-03-06,486650.0,227.0,1125.0,583.0,498210.0,755.0,717.0,-5,0,0,0,0,0,0,0,0,0,0,1
2019-03-07,496600.0,206.0,755.0,733.0,486650.0,1674.0,583.0,0,0,0,0,0,0,0,0,0,0,0,0
2019-03-08,505020.0,234.0,1674.0,788.0,496600.0,5045.0,733.0,0,0,0,0,0,0,0,0,0,0,0,0
2019-03-09,938170.0,419.0,5045.0,564.0,505020.0,2903.0,788.0,0,0,0,0,0,0,0,0,0,0,0,0
2019-03-10,766440.0,333.0,2903.0,936.0,938170.0,1882.0,564.0,-5,0,0,0,0,0,0,0,0,0,0,1
2019-03-11,650730.0,255.0,1882.0,1324.0,766440.0,2094.0,936.0,-5,0,0,0,0,0,0,0,0,0,0,1
2019-03-12,638480.0,251.0,2094.0,1005.0,650730.0,1725.0,1324.0,0,0,0,0,0,0,0,0,0,0,0,0
2019-03-13,560220.0,261.0,1725.0,767.0,638480.0,1041.0,1005.0,0,0,0,0,0,0,0,0,0,0,0,0
2019-03-14,475390.0,204.0,1041.0,628.0,560220.0,4220.0,767.0,0,0,0,0,0,0,0,0,0,0,0,0
2019-03-15,443840.0,168.0,4220.0,1046.0,475390.0,11386.0,628.0,0,0,0,0,0,0,0,0,0,0,0,0
2019-03-16,1068120.0,431.0,11386.0,642.0,443840.0,8573.0,1046.0,0,0,0,0,0,0,0,0,0,0,0,0
2019-03-17,1078400.0,449.0,8573.0,891.0,1068120.0,5037.0,642.0,0,0,0,0,0,0,0,0,0,0,0,0
2019-03-18,802710.0,354.0,5037.0,979.0,1078400.0,4230.0,891.0,0,0,0,0,0,0,0,0,0,0,0,0
2019-03-19,633990.0,291.0,4230.0,678.0,802710.0,4633.0,979.0,0,0,0,0,0,0,0,0,0,0,0,0
2019-03-20,712800.0,308.0,4633.0,4478.0,633990.0,6206.0,678.0,0,0,0,0,0,0,0,0,0,0,0,0
2019-03-21,1061470.0,418.0,6206.0,1151.0,712800.0,6521.0,4478.0,0,0,0,0,0,0,0,0,0,0,0,0
2019-03-22,909480.0,391.0,6521.0,1173.0,1061470.0,10839.0,1151.0,0,0,0,0,0,0,0,0,0,0,0,0
2019-03-23,1155770.0,441.0,10839.0,1039.0,909480.0,11207.0,1173.0,0,0,0,0,0,0,0,0,0,0,0,0
2019-03-24,1034400.0,440.0,11207.0,918.0,1155770.0,8683.0,1039.0,0,0,0,0,0,0,0,0,0,0,0,0
2019-03-25,1023100.0,443.0,8683.0,1035.0,1034400.0,6584.0,918.0,0,0,0,0,0,0,0,0,0,0,0,0
2019-03-26,875030.0,372.0,6584.0,1035.0,1023100.0,6102.0,1035.0,0,0,0,0,0,0,0,0,0,0,0,0
2019-03-27,868930.0,379.0,6102.0,1066.0,875030.0,7037.0,1035.0,0,0,0,0,0,0,0,0,0,0,0,0
2019-03-28,875930.0,379.0,7037.0,822.0,868930.0,10402.0,1066.0,0,0,0,0,0,0,0,0,0,0,0,0
2019-03-29,611400.0,258.0,10402.0,558.0,875930.0,14708.0,822.0,0,0,0,0,0,0,0,0,0,0,0,0
2019-03-30,1178910.0,491.0,14708.0,669.0,611400.0,9376.0,558.0,0,0,0,0,0,0,0,0,0,0,0,0
2019-03-31,1128710.0,519.0,9376.0,785.0,1178910.0,5228.0,669.0,0,0,0,0,0,0,0,0,0,0,0,0
2019-04-01,865200.0,376.0,5228.0,704.0,1128710.0,4548.0,785.0,0,0,0,0,0,0,0,0,0,0,0,0
2019-04-02,767660.0,314.0,4548.0,707.0,865200.0,4819.0,704.0,0,0,0,0,0,0,0,0,0,0,0,0
2019-04-03,688590.0,312.0,4819.0,483.0,767660.0,3486.0,707.0,0,0,0,0,0,0,0,0,0,0,0,0
2019-04-04,391140.0,179.0,3486.0,648.0,688590.0,3608.0,483.0,0,0,0,0,0,0,0,0,0,0,0,0
2019-04-05,513960.0,210.0,3608.0,732.0,391140.0,4377.0,648.0,0,0,0,0,0,0,0,0,0,0,0,0
2019-04-06,822060.0,378.0,4377.0,469.0,513960.0,2292.0,732.0,0,0,0,0,0,0,0,0,0,0,0,0
2019-04-07,936940.0,405.0,2292.0,723.0,822060.0,1652.0,469.0,0,0,0,0,0,0,0,0,0,0,0,0
2019-04-08,464840.0,187.0,1652.0,763.0,936940.0,1310.0,723.0,0,0,0,0,0,0,0,0,0,0,0,0
2019-04-09,558410.0,213.0,1310.0,472.0,464840.0,1243.0,763.0,0,0,0,0,0,0,0,0,0,0,0,0
2019-04-10,239720.0,103.0,1243.0,372.0,558410.0,1372.0,472.0,-5,0,0,0,0,0,0,0,0,0,0,1
2019-04-11,552870.0,204.0,1372.0,636.0,239720.0,1868.0,372.0,0,0,0,0,0,0,0,0,0,0,0,0
2019-04-12,447510.0,169.0,1868.0,442.0,552870.0,3936.0,636.0,0,0,0,0,0,0,0,0,0,0,0,0
2019-04-13,844770.0,340.0,3936.0,564.0,447510.0,2789.5,442.0,0,0,0,0,0,0,0,0,0,0,0,0
2019-04-14,786770.0,303.0,2789.5,547.0,844770.0,1381.0,564.0,0,0,0,0,0,0,0,0,0,0,0,0
2019-04-15,584190.0,247.0,1381.0,744.0,786770.0,1749.0,547.0,0,0,0,0,0,0,0,0,0,0,0,0
2019-04-16,532090.0,209.0,1749.0,543.0,584190.0,1688.0,744.0,0,0,0,0,0,0,0,0,0,0,0,0
2019-04-17,582590.0,236.0,1688.0,472.0,532090.0,1976.0,543.0,-5,0,0,0,0,0,0,0,0,0,0,1
2019-04-18,476290.0,211.0,1976.0,467.0,582590.0,2549.0,472.0,0,0,0,0,0,0,0,0,0,0,0,0
2019-04-19,615570.0,252.0,2549.0,435.0,476290.0,7509.0,467.0,0,0,0,0,0,0,0,0,0,0,0,0
2019-04-20,899690.0,375.0,7509.0,514.0,615570.0,2927.0,435.0,0,0,0,0,0,0,0,0,0,0,0,0
2019-04-21,1088370.0,425.0,2927.0,566.0,899690.0,1332.0,514.0,0,0,0,0,0,0,0,0,0,0,0,0
2019-04-22,679120.0,261.0,1332.0,872.0,1088370.0,1465.0,566.0,0,0,0,0,0,0,0,0,0,0,0,0
2019-04-23,384480.0,145.0,1465.0,629.0,679120.0,1889.0,872.0,0,0,0,0,0,0,0,0,0,0,0,0
2019-04-24,423590.0,154.0,1889.0,418.0,384480.0,1598.0,629.0,-5,0,0,0,0,0,0,0,0,0,0,1
2019-04-25,416110.0,173.0,1598.0,589.0,423590.0,1681.0,418.0,0,0,0,0,0,0,0,0,0,0,0,0
2019-04-26,540430.0,194.0,1681.0,587.0,416110.0,12362.0,589.0,0,0,0,0,0,0,0,0,0,0,0,0
2019-04-27,1091080.0,457.0,12362.0,412.0,540430.0,16677.0,587.0,20,1,0,0,0,0,0,0,0,0,0,0
2019-04-28,1569130.0,597.0,16677.0,721.0,1091080.0,16677.0,412.0,20,1,0,0,0,0,0,0,0,0,0,0
2019-04-29,1958510.0,705.0,16677.0,1209.0,1569130.0,13879.0,721.0,15,1,0,0,0,0,0,0,0,0,0,1
2019-04-30,1657320.0,639.0,13879.0,1777.0,1958510.0,16677.0,1209.0,15,1,0,0,0,0,0,0,0,0,0,1
2019-05-01,2049700.0,777.0,16677.0,1602.0,1657320.0,16308.0,1777.0,20,1,0,0,0,0,0,0,0,0,0,0
2019-05-02,1832870.0,753.0,16308.0,1168.0,2049700.0,14970.0,1602.0,20,1,0,0,0,0,0,0,0,0,0,0
2019-05-03,1958550.0,740.0,14970.0,1055.0,1832870.0,15071.0,1168.0,20,1,0,0,0,0,0,0,0,0,0,0
2019-05-04,2025910.0,829.0,15071.0,952.0,1958550.0,8852.0,1055.0,20,1,0,0,0,0,0,0,0,0,0,0
2019-05-05,1691740.0,690.0,8852.0,1047.0,2025910.0,1365.0,952.0,20,1,0,0,0,0,0,0,0,0,0,0
2019-05-06,885330.0,353.0,1365.0,987.0,1691740.0,1091.0,1047.0,0,0,0,0,0,0,0,0,0,0,0,0
2019-05-07,633990.0,353.0,1091.0,514.0,885330.0,1746.0,987.0,0,0,0,0,0,0,0,0,0,0,0,0
2019-05-08,633990.0,353.0,1746.0,422.0,633990.0,1621.0,514.0,0,0,0,0,0,0,0,0,0,0,0,0
2019-05-09,633990.0,353.0,1621.0,422.0,633990.0,2353.0,422.0,0,0,0,0,0,0,0,0,0,0,0,0
2019-05-10,330090.0,132.0,2353.0,422.0,633990.0,4221.0,422.0,0,0,0,0,0,0,0,0,0,0,0,0
2019-05-11,622510.0,247.0,4221.0,422.0,330090.0,3494.0,422.0,0,0,0,0,0,0,0,0,0,0,0,0
2019-05-12,887370.0,363.0,3494.0,437.0,622510.0,1792.0,422.0,0,0,0,0,0,0,0,0,0,0,0,0
2019-05-13,482570.0,185.0,1792.0,594.0,887370.0,1490.0,437.0,0,0,0,0,0,0,0,0,0,0,0,0
2019-05-14,364100.0,143.0,1490.0,594.0,482570.0,1336.0,594.0,0,0,0,0,0,0,0,0,0,0,0,0
2019-05-15,575590.0,221.0,1336.0,594.0,364100.0,1463.0,594.0,0,0,0,0,0,0,0,0,0,0,0,0
2019-05-16,475410.0,192.0,1463.0,594.0,575590.0,2772.0,594.0,0,0,0,0,0,0,0,0,0,0,0,0
2019-05-17,420670.0,167.0,2772.0,483.0,475410.0,5587.0,594.0,0,0,0,0,0,0,0,0,0,0,0,0
2019-05-18,920580.0,375.0,5587.0,403.0,420670.0,3482.0,483.0,0,0,0,0,0,0,0,0,0,0,0,0
2019-05-19,980180.0,425.0,3482.0,586.0,920580.0,2551.0,403.0,-5,0,0,0,0,0,0,0,0,0,0,1
2019-05-20,520090.0,201.0,2551.0,521.0,980180.0,3163.0,586.0,-5,0,0,0,0,0,0,0,0,0,0,1
2019-05-21,339470.0,131.0,3163.0,330.0,520090.0,2401.0,521.0,0,0,0,0,0,0,0,0,0,0,0,0
2019-05-22,496070.0,211.0,2401.0,593.0,339470.0,2135.0,330.0,0,0,0,0,0,0,0,0,0,0,0,0
2019-05-23,485800.0,210.0,2135.0,395.0,496070.0,2846.0,593.0,0,0,0,0,0,0,0,0,0,0,0,0
2019-05-24,447860.0,177.0,2846.0,459.0,485800.0,4681.0,395.0,0,0,0,0,0,0,0,0,0,0,0,0
2019-05-25,912550.0,362.0,4681.0,478.0,447860.0,2885.0,459.0,0,0,0,0,0,0,0,0,0,0,0,0
2019-05-26,1025520.0,392.0,2885.0,486.0,912550.0,2128.0,478.0,0,0,0,0,0,0,0,0,0,0,0,0
2019-05-27,676710.0,282.0,2128.0,557.0,1025520.0,1095.0,486.0,0,0,0,0,0,0,0,0,0,0,0,0
2019-05-28,536490.0,187.0,1095.0,610.0,676710.0,2106.0,557.0,-5,0,0,0,0,0,0,0,0,0,0,1
2019-05-29,535470.0,220.0,2106.0,442.0,536490.0,1956.0,610.0,0,0,0,0,0,0,0,0,0,0,0,0
2019-05-30,468890.0,181.0,1956.0,686.0,535470.0,2472.0,442.0,-5,0,0,0,0,0,0,0,0,0,0,1
2019-05-31,400840.0,163.0,2472.0,473.0,468890.0,5261.0,686.0,0,0,0,0,0,0,0,0,0,0,0,0
2019-06-01,870630.0,365.0,5261.0,358.0,400840.0,4176.0,473.0,0,0,0,0,0,0,0,0,0,0,0,0
2019-06-02,898270.0,368.0,4176.0,429.0,870630.0,2429.0,358.0,0,0,0,0,0,0,0,0,0,0,0,0
2019-06-03,673580.0,266.0,2429.0,438.0,898270.0,1648.0,429.0,0,0,0,0,0,0,0,0,0,0,0,0
2019-06-04,518740.0,192.0,1648.0,408.0,673580.0,1533.0,438.0,0,0,0,0,0,0,0,0,0,0,0,0
2019-06-05,473510.0,173.0,1533.0,510.0,518740.0,1680.0,408.0,0,0,0,0,0,0,0,0,0,0,0,0
2019-06-06,554670.0,203.0,1680.0,253.0,473510.0,2214.0,510.0,-5,0,0,0,0,0,0,0,0,0,0,1
2019-06-07,249340.0,91.0,2214.0,319.0,554670.0,4256.0,253.0,-5,0,0,0,0,0,0,0,0,0,0,1
2019-06-08,921990.0,389.0,4256.0,410.0,249340.0,2758.0,319.0,0,0,0,0,0,0,0,0,0,0,0,0
2019-06-09,757140.0,277.0,2758.0,387.0,921990.0,1984.0,410.0,0,0,0,0,0,0,0,0,0,0,0,0
2019-06-10,542560.0,230.0,1984.0,379.0,757140.0,1818.0,387.0,0,0,0,0,0,0,0,0,0,0,0,0
2019-06-11,298280.0,129.0,1818.0,316.0,542560.0,1541.0,379.0,0,0,0,0,0,0,0,0,0,0,0,0
2019-06-12,520760.0,195.0,1541.0,405.0,298280.0,1339.0,316.0,0,0,0,0,0,0,0,0,0,0,0,0
2019-06-13,462280.0,164.0,1339.0,359.0,520760.0,2635.0,405.0,0,0,0,0,0,0,0,0,0,0,0,0
2019-06-14,519580.0,192.0,2635.0,272.0,462280.0,5446.0,359.0,0,0,0,0,0,0,0,0,0,0,0,0
2019-06-15,709950.0,296.0,5446.0,385.0,519580.0,4143.0,272.0,0,0,0,0,0,0,0,0,0,0,0,0
2019-06-16,1107030.0,454.0,4143.0,694.0,709950.0,1892.0,385.0,0,0,0,0,0,0,0,0,0,0,0,0
2019-06-17,732830.0,304.0,1892.0,455.0,1107030.0,1332.0,694.0,0,0,0,0,0,0,0,0,0,0,0,0
2019-06-18,468660.0,194.0,1332.0,293.0,732830.0,1032.0,455.0,0,0,0,0,0,0,0,0,0,0,0,0
2019-06-19,376000.0,143.0,1032.0,475.0,468660.0,991.0,293.0,0,0,0,0,0,0,0,0,0,0,0,0
2019-06-20,384770.0,156.0,991.0,359.0,376000.0,2176.0,475.0,0,0,0,0,0,0,0,0,0,0,0,0
2019-06-21,663560.0,248.0,2176.0,496.0,384770.0,3797.0,359.0,0,0,0,0,0,0,0,0,0,0,0,0
2019-06-22,927020.0,394.0,3797.0,421.0,663560.0,2458.0,496.0,0,0,0,0,0,0,0,0,0,0,0,0
2019-06-23,1009120.0,390.0,2458.0,736.0,927020.0,1539.0,421.0,0,0,0,0,0,0,0,0,0,0,0,0
2019-06-24,499500.0,195.0,1539.0,467.0,1009120.0,1029.0,736.0,0,0,0,0,0,0,0,0,0,0,0,0
2019-06-25,479560.0,161.0,1029.0,486.0,499500.0,1014.0,467.0,0,0,0,0,0,0,0,0,0,0,0,0
2019-06-26,539960.0,194.0,1014.0,289.0,479560.0,1098.0,486.0,0,0,0,0,0,0,0,0,0,0,0,0
2019-06-27,340450.0,139.0,1098.0,335.0,539960.0,2235.0,289.0,-5,0,0,0,0,0,0,0,0,0,0,1
2019-06-28,506400.0,204.0,2235.0,470.0,340450.0,0.0,335.0,0,0,0,0,0,0,0,0,0,0,0,0
2019-06-29,905400.0,380.0,0.0,435.0,506400.0,2602.0,470.0,0,0,0,0,0,0,0,0,0,0,0,0
2019-06-30,673800.0,242.0,2602.0,441.0,905400.0,1914.0,435.0,-5,0,0,0,0,0,0,0,0,0,0,1
2019-07-01,387140.0,163.0,1914.0,429.0,673800.0,1871.0,441.0,0,0,0,0,0,0,0,0,0,0,0,0
2019-07-02,522450.0,172.0,1871.0,363.0,387140.0,1324.0,429.0,0,0,0,0,0,0,0,0,0,0,0,0
2019-07-03,283110.0,112.0,1324.0,366.0,522450.0,1307.0,363.0,-5,0,0,0,0,0,0,0,0,0,0,1
2019-07-04,244460.0,92.0,1307.0,643.0,283110.0,1178.0,366.0,-5,0,0,0,0,0,0,0,0,0,0,1
2019-07-05,388490.0,172.0,1178.0,322.0,244460.0,5244.0,643.0,-5,0,0,0,0,0,0,0,0,0,0,1
2019-07-06,628560.0,230.0,5244.0,338.0,388490.0,2002.0,322.0,-5,0,0,0,0,0,0,0,0,0,0,1
2019-07-07,759570.0,321.0,2002.0,570.0,628560.0,1141.0,338.0,0,0,0,0,0,0,0,0,0,0,0,0
